condition,Cz_mean,Cz_median,Cz_max,Cz_min,Cz_ptp,Cz_std,Cz_skew,Cz_auc,Cz_kurtosis,Pz_mean,Pz_median,Pz_max,Pz_min,Pz_ptp,Pz_std,Pz_skew,Pz_auc,Pz_kurtosis,P7_mean,P7_median,P7_max,P7_min,P7_ptp,P7_std,P7_skew,P7_auc,P7_kurtosis,P8_mean,P8_median,P8_max,P8_min,P8_ptp,P8_std,P8_skew,P8_auc,P8_kurtosis,O1_mean,O1_median,O1_max,O1_min,O1_ptp,O1_std,O1_skew,O1_auc,O1_kurtosis,O2_mean,O2_median,O2_max,O2_min,O2_ptp,O2_std,O2_skew,O2_auc,O2_kurtosis,N250avg_mean,N250avg_median,N250avg_max,N250avg_min,N250avg_ptp,N250avg_std,N250avg_skew,N250avg_auc,N250avg_kurtosis,P300avg_mean,P300avg_median,P300avg_max,P300avg_min,P300avg_ptp,P300avg_std,P300avg_skew,P300avg_auc,P300avg_kurtosis
Mov,-105.00504346020115,-98.65222455118783,3.3270091535086976,-234.4641980016604,237.7912071551691,56.74567130583614,-0.6822614605132269,-10.464559648880822,3.421870274750564,-105.00504346020115,-98.65222455118783,3.3270091535086976,-234.4641980016604,237.7912071551691,56.74567130583614,-0.6822614605132269,-10.464559648880822,3.421870274750564,-68.04319625294178,-69.92339694988914,20.954392311978154,-146.6057583456859,167.56015065766405,44.576559170410256,0.131763798070159,-6.798580362556095,2.475625673139963,-68.36787830567258,-70.25705053820275,21.05438215949107,-147.30531256645918,168.35969472595025,44.78926505633104,0.13176390240396516,-6.831021180005337,2.475625582633749,-68.47933690761027,-70.37158866296522,21.08870648953598,-147.54546282347292,168.6341693130089,44.86228407009718,0.131763896665265,-6.842157632490853,2.475625541473877,-68.24820523503989,-70.13406866462901,21.017527615185827,-147.04746718052775,168.06499479571357,44.71086487646487,0.13176384318447523,-6.819063957664184,2.475625630011216,-68.28465417531613,-70.17152620392153,21.028752144047758,-147.12600022903644,168.1547523730842,44.734743293325835,0.1317638600809661,-6.822705783179117,2.475625606814701,-105.00504346020115,-98.65222455118783,3.3270091535086976,-234.4641980016604,237.7912071551691,56.74567130583614,-0.6822614605132269,-10.464559648880822,3.421870274750564
Mov,-128.78501120912216,-113.39942284394056,-27.964140826952644,-297.1359936054796,269.17185277852695,75.98374298606785,-0.9527792756592436,-12.87310373299988,2.920986344978367,-128.78501120912216,-113.39942284394056,-27.964140826952644,-297.1359936054796,269.17185277852695,75.98374298606785,-0.9527792756592436,-12.87310373299988,2.920986344978367,-150.5608437442928,-143.64090020535514,-18.399112377665006,-281.57117776572704,263.17206538806204,69.94958091502524,-0.08552594882630182,-15.382217123260489,2.2213556669841146,-151.2792794948417,-144.32631724048406,-18.48690772021655,-282.91475609876215,264.4278483785456,70.28336249855545,-0.08552603221510004,-15.455616918188753,2.2213558007606435,-151.52590486440414,-144.56160715781152,-18.5170465556439,-283.37599360384047,264.85894704819657,70.3979421097916,-0.08552599491202742,-15.480813664908055,2.2213557949151403,-151.0144742356855,-144.073688716162,-18.45454789872747,-282.41955442354083,263.96500652481336,70.16033659328797,-0.08552607272776247,-15.428562790475553,2.2213558511218188,-151.09512558480606,-144.15062832995318,-18.46440363806323,-282.5703704729676,264.1059668349044,70.19780552916507,-0.08552601217029793,-15.436802624208212,2.2213557784454294,-128.78501120912216,-113.39942284394056,-27.964140826952644,-297.1359936054796,269.17185277852695,75.98374298606785,-0.9527792756592436,-12.87310373299988,2.920986344978367
Mov,-653.4474064560177,-641.7923723347485,-581.2263116240501,-765.8718386664987,184.64552704244852,49.024682018608964,-0.7982270502686082,-65.15492650214583,2.9224466106143248,-653.4474064560177,-641.7923723347485,-581.2263116240501,-765.8718386664987,184.64552704244852,49.024682018608964,-0.7982270502686082,-65.15492650214583,2.9224466106143248,-704.1492275535487,-700.4413055256009,-573.9881307817996,-870.1233891770244,296.1352583952248,90.37954670542938,-0.25325396965485025,-70.19504462368786,1.9555775624655205,-707.5092311984358,-703.7836185190827,-576.7270340584219,-874.275341629982,297.54830757156014,90.81080635096392,-0.2532538922127783,-70.52999595180154,1.9555775348111013,-708.6626652520723,-704.930949723348,-577.6672624051571,-875.7006726227701,298.033410217613,90.95886132677437,-0.25325389084009975,-70.64497913233936,1.955577239399075,-706.2707803785228,-702.5516824796796,-575.7174803875387,-872.745004016906,297.02752362936735,90.65185760021897,-0.25325401303955064,-70.40653750300407,1.9555775644624536,-706.6479760956449,-702.9268890619278,-576.0249769082293,-873.2111018616706,297.1861249534413,90.70026799584666,-0.25325394143681973,-70.44413930270821,1.9555774752845376,-653.4474064560177,-641.7923723347485,-581.2263116240501,-765.8718386664987,184.64552704244852,49.024682018608964,-0.7982270502686082,-65.15492650214583,2.9224466106143248
Fam,-137.284253539222,-152.91132149286568,-55.808697652537376,-206.6685410682112,150.85984341567382,52.011097781226056,0.30281536351115995,-13.700288080144674,1.4987557456337683,-137.284253539222,-152.91132149286568,-55.808697652537376,-206.6685410682112,150.85984341567382,52.011097781226056,0.30281536351115995,-13.700288080144674,1.4987557456337683,-131.33641914464533,-159.18005374260247,-25.34631857997738,-236.98834411334246,211.64202553336509,66.56915754348981,0.18973345096716052,-13.261208820040338,1.5497239132644933,-131.96311871209988,-159.93962006177753,-25.467265004408546,-238.11918799765408,212.65192299324553,66.88680621903121,0.18973345565829694,-13.324487481440883,1.5497239061623316,-132.1782554161753,-160.2003612788394,-25.50878343754448,-238.50738944020122,212.99860600265674,66.99584990127765,0.18973345115677617,-13.346210129384417,1.549723890170664,-131.73212734657753,-159.65965576469898,-25.422685212106444,-237.70237748976797,212.27969227766152,66.76972560380105,0.18973345554176108,-13.301163991854992,1.5497239399344918,-131.8024801548745,-159.7449227119796,-25.436263058509212,-237.82932476024143,212.39306170173222,66.80538481689993,0.18973345333099867,-13.308267605680157,1.5497239123829951,-137.284253539222,-152.91132149286568,-55.808697652537376,-206.6685410682112,150.85984341567382,52.011097781226056,0.30281536351115995,-13.700288080144674,1.4987557456337683
Unf,-6.115459174137728,-0.18020716652245028,69.01768210809678,-84.18053766945377,153.19821977755055,43.10038081290385,-0.12246424589178337,-0.4841930212933221,1.990151961889548,-6.115459174137728,-0.18020716652245028,69.01768210809678,-84.18053766945377,153.19821977755055,43.10038081290385,-0.12246424589178337,-0.4841930212933221,1.990151961889548,-19.39648358564647,-7.540988917753566,36.93372127600014,-97.61357068782672,134.54729196382686,43.6292805772047,-0.39564946512661403,-2.0526080179479322,1.6906613498918588,-19.4890378504799,-7.576972393508186,37.10995952133089,-98.0793556664139,135.1893151877448,43.83746715165181,-0.3956494685127407,-2.062402454612311,1.6906613585631016,-19.520810339529888,-7.589325264234503,37.17045910889283,-98.2392521109432,135.40971121983603,43.90893420639656,-0.39564945310841193,-2.0657647373809596,1.6906613515175102,-19.454924042223027,-7.563709573332744,37.04499977175146,-97.90767217054963,134.9526719423011,43.760732519717486,-0.3956494454757564,-2.058792405478016,1.6906612997321127,-19.46531395446982,-7.56774903720725,37.06478491949383,-97.95996265893336,135.0247475784272,43.784103613742644,-0.3956494580558808,-2.0598919038548047,1.6906613399261456,-6.115459174137728,-0.18020716652245028,69.01768210809678,-84.18053766945377,153.19821977755055,43.10038081290385,-0.12246424589178337,-0.4841930212933221,1.990151961889548
Fam,-3.4750572432620594,-29.745257961621974,400.19224979914725,-192.751016584225,592.9432663833722,175.89017914223078,1.0097004568765209,-0.04976872878614813,3.2017317818036637,-3.4750572432620594,-29.745257961621974,400.19224979914725,-192.751016584225,592.9432663833722,175.89017914223078,1.0097004568765209,-0.04976872878614813,3.2017317818036637,-108.34165099228042,-142.40419113775715,16.36394335946534,-197.20658019650728,213.5705235559726,75.02291091872695,0.42825949751036396,-10.985386163156363,1.4812756095724606,-108.85862705505973,-143.08370009530336,16.44202711759135,-198.14759434666485,214.5896214642562,75.3808990631415,0.428259494360013,-11.03780533594545,1.4812756096150927,-109.03609392279087,-143.31696729641408,16.468831745442003,-198.47063231281936,214.93946405826136,75.50378835343014,0.42825951059053086,-11.055799737732741,1.4812756355213006,-108.66807728094639,-142.83324708230793,16.41324706724845,-197.80076399911195,214.2140110663604,75.24895025224019,0.42825947966914374,-11.01848441430775,1.4812756050451221,-108.72611231276935,-142.90952640294563,16.422012322436785,-197.90639271377586,214.32840503621264,75.2891371468847,0.42825949553251286,-11.024368912785576,1.481275614938494,-3.4750572432620594,-29.745257961621974,400.19224979914725,-192.751016584225,592.9432663833722,175.89017914223078,1.0097004568765209,-0.04976872878614813,3.2017317818036637
Unf,-9.852735799470862,-3.9586989259987604,246.14791618660092,-385.934894438833,632.0828106254339,179.59930227774365,-0.6680104924692853,-0.7941869007481728,2.6897165979592765,-9.852735799470862,-3.9586989259987604,246.14791618660092,-385.934894438833,632.0828106254339,179.59930227774365,-0.6680104924692853,-0.7941869007481728,2.6897165979592765,121.2940589819202,100.96252663061023,245.69802917540073,-15.821935448911972,261.5199646243127,70.43879932174691,0.1985305258911974,12.393759618134936,2.2281930913440218,121.87283965221678,101.44429325009696,246.87041877768934,-15.897432604106143,262.7678513817955,70.7749132411528,0.19853049505871714,12.452899107302073,2.228192986610284,122.07152699025195,101.60967576666735,247.2728956490755,-15.923349565127864,263.1962452142034,70.89029511548334,0.19853046011329242,12.473200858948985,2.228193047055646,121.65950871489119,101.26671986654401,246.43828510306776,-15.869605704210699,262.30789080727845,70.65102451949564,0.19853043412694604,12.431101073161699,2.22819301027805,121.72448358482004,101.32080387847964,246.56990717630833,-15.87808083058917,262.4479880068975,70.68875804946968,0.19853047879753827,12.437740164386923,2.2281930338220004,-9.852735799470862,-3.9586989259987604,246.14791618660092,-385.934894438833,632.0828106254339,179.59930227774365,-0.6680104924692853,-0.7941869007481728,2.6897165979592765
Fam,-94.90063248799393,-97.17565262690187,22.034966605133377,-210.65169130451977,232.68665790965315,66.06038458593555,0.12297011261955483,-9.492432329352596,1.991973951308028,-94.90063248799393,-97.17565262690187,22.034966605133377,-210.65169130451977,232.68665790965315,66.06038458593555,0.12297011261955483,-9.492432329352596,1.991973951308028,-25.023193022486968,-25.00239088476519,132.25733709987253,-152.57207269314677,284.8294097930193,78.80900710944901,0.13268665624069043,-2.526781492633745,2.3319599214949323,-25.14259701386506,-25.12169658075436,132.88842455949634,-153.30010501202196,286.1885295715183,79.18506078695184,0.13268662752371485,-2.5388386347913183,2.3319598911460284,-25.18358675073474,-25.162651581922546,133.10507347341627,-153.55003415606916,286.6551076294854,79.31415473397415,0.13268660005504207,-2.542977672419511,2.3319599402158677,-25.098586713913672,-25.07772251192364,132.6558121945709,-153.03176769521087,285.6875798897818,79.04645284625977,0.13268659888047107,-2.534394568101561,2.3319599064950967,-25.11199087525011,-25.091115389841434,132.726661831839,-153.1134948891122,285.8401567209512,79.08866886915868,0.1326866206749796,-2.535748091986534,2.3319599148379813,-94.90063248799393,-97.17565262690187,22.034966605133377,-210.65169130451977,232.68665790965315,66.06038458593555,0.12297011261955483,-9.492432329352596,1.991973951308028
Unf,294.3001393130264,303.76815993804485,376.8070018850267,190.54292351938784,186.26407836563885,52.60136020882524,-0.5178170635082664,29.19682872015983,2.2085369460430497,294.3001393130264,303.76815993804485,376.8070018850267,190.54292351938784,186.26407836563885,52.60136020882524,-0.5178170635082664,29.19682872015983,2.2085369460430497,266.97769723026653,261.457622400485,346.2601453065872,193.48283240105957,152.77731290552765,37.91392596603731,0.16831772990231023,26.578994002193213,2.6664185205721447,268.2516384923544,262.7052163006738,347.91239886544645,194.4060786627233,153.50632020272315,38.09484089877524,0.16831780391084816,26.705821335781366,2.666418392434899,268.6889644022673,263.13349371775985,348.47960341721773,194.72301937639713,153.7565840408206,38.15694950254753,0.16831805713594652,26.74935932736844,2.666418245286607,267.78208344834496,262.2453757794574,347.3034012131393,194.06578212510794,153.23761908803135,38.02815863847012,0.1683177258459369,26.65907476330176,2.6664185467014283,267.9250958933083,262.385427049594,347.4888872005977,194.169428141322,153.3194590592757,38.04846875145755,0.16831782919876043,26.673312357161194,2.66641842624877,294.3001393130264,303.76815993804485,376.8070018850267,190.54292351938784,186.26407836563885,52.60136020882524,-0.5178170635082664,29.19682872015983,2.2085369460430497
Unf,68.62372469221064,70.46851169434376,140.921154525131,-14.326241398521233,155.24739592365222,49.07737777283316,-0.1362377197231999,7.129611578875483,1.6297842321829135,68.62372469221064,70.46851169434376,140.921154525131,-14.326241398521233,155.24739592365222,49.07737777283316,-0.1362377197231999,7.129611578875483,1.6297842321829135,63.50395269167235,65.58663517353125,133.53931717574596,-36.78330176626332,170.32261894200929,49.3723315181647,-0.23670996071419284,6.433532312257739,1.8719202613107007,63.80697693395212,65.89959775737952,134.17653099168092,-36.95881969179027,171.1353506834712,49.60792357317675,-0.23670992850483516,6.464231445988844,1.8719201677653654,63.91099857803685,66.00703090953175,134.39527538139373,-37.01907553477213,171.41435091616586,49.68879700503201,-0.2367099730114777,6.474769798160196,1.8719202626987124,63.695287064564795,65.78424472536426,133.94166307989508,-36.894125514663756,170.83578859455884,49.52108797386417,-0.236709923846088,6.452916233001815,1.87192021959279,63.72930381705653,65.8193771414517,134.01319665717892,-36.91383062687237,170.9270272840513,49.54753501755941,-0.23670994651914842,6.456362447352149,1.8719202278418918,68.62372469221064,70.46851169434376,140.921154525131,-14.326241398521233,155.24739592365222,49.07737777283316,-0.1362377197231999,7.129611578875483,1.6297842321829135
Fam,123.82708606450112,120.74747064616531,332.65945967286825,-42.098661651834846,374.7581213247031,95.31231281285068,0.24396358551771305,12.419520167895826,2.6972408224088436,123.82708606450112,120.74747064616531,332.65945967286825,-42.098661651834846,374.7581213247031,95.31231281285068,0.24396358551771305,12.419520167895826,2.6972408224088436,171.2651124552604,118.85613639606163,392.2409377992153,-39.89342076238245,432.13435856159776,139.53749245816044,0.12672355200184282,16.76741176561336,1.4893437784539907,172.08234129821693,119.423282740172,394.11260513588786,-40.08378164144233,434.1963867773302,140.2033265532712,0.12672356098901932,16.847421164129628,1.4893437763080264,172.3628849434205,119.61797645199113,394.75513040088117,-40.14912701677531,434.9042574176565,140.43189849240395,0.12672356836788304,16.874887271114858,1.4893437737628974,171.7811237890251,119.21424447791651,393.42272793874145,-40.01361594418995,433.4363438829314,139.95790987375446,0.12672354745869885,16.817930994875496,1.4893437538882401,171.87286562148074,119.27791001653532,393.63285031868145,-40.03498634119751,433.66783665987896,140.0326568443975,0.12672355720436101,16.826912798933336,1.4893437706032886,123.82708606450112,120.74747064616531,332.65945967286825,-42.098661651834846,374.7581213247031,95.31231281285068,0.24396358551771305,12.419520167895826,2.6972408224088436
Unf,139.09314062542623,132.2296666330658,254.58962772972882,16.97305378911551,237.6165739406133,65.79656023349492,0.23655178515418723,13.984121796966065,2.4103689582365067,139.09314062542623,132.2296666330658,254.58962772972882,16.97305378911551,237.6165739406133,65.79656023349492,0.23655178515418723,13.984121796966065,2.4103689582365067,134.14718184251868,122.55808178451844,241.25353957060724,-9.276861419493798,250.53040099010104,64.38273468127345,0.0731782976279365,13.697112166482839,2.3488220541625586,134.78729330857348,123.14289415371604,242.40472703240812,-9.32112834561849,251.7258553780266,64.68995001939759,0.07317827572170849,13.762470827714424,2.3488220521053043,135.0070346444017,123.34364873822778,242.79991339426488,-9.336324183095712,252.1362375773606,64.79541364142041,0.07317834487558818,13.784907545414171,2.3488220876937773,134.5513575100855,122.92734027141705,241.98040773626417,-9.304812010668684,251.28521974693285,64.57671383391512,0.07317824181194287,13.738380561335362,2.3488220479442883,134.62321682639484,122.99299123696983,242.1096469333861,-9.309781489719171,251.41942842310527,64.61120304400164,0.073178290009294,13.745717775236699,2.3488220604764822,139.09314062542623,132.2296666330658,254.58962772972882,16.97305378911551,237.6165739406133,65.79656023349492,0.23655178515418723,13.984121796966065,2.4103689582365067
Unf,-463.88815602627943,-453.7831846391782,-154.68100900761783,-803.9858657866716,649.3048567790538,183.66073780112222,-0.09109653183479001,-45.265428780112416,2.1442816386662233,235.6170656499811,230.4845693288371,408.35875552147627,78.56524462113157,329.7935109003447,93.28456370105174,0.09109658196132854,22.99111831234768,2.144281718018452,190.91164078697778,151.64689830271527,386.96781848557293,79.41781223053113,307.5500062550418,87.81398834273713,0.8882000691191134,19.493698127917014,2.673573198589499,191.82261726550328,152.37052139127627,388.8143110089004,79.79676593095064,309.01754507794976,88.23301060941073,0.8882000295153797,19.586716560297646,2.6735731701567533,192.13533848344994,152.6189225842245,389.44819243624806,79.92686005309224,309.5213323831558,88.3768527836512,0.8882000394892345,19.61864804616198,2.673573170948602,191.4868432952342,152.10379933705553,388.1337179336697,79.65708937263116,308.4766285610385,88.07856364699056,0.8882000362781899,19.5524311857298,2.6735731690736224,191.5891099577913,152.1850354038179,388.3410099660978,79.6996318968013,308.6413780692965,88.12560384569741,0.8882000436004793,19.56287348002661,2.673573177192119,-114.13554518814917,-111.64930765517056,126.83887325692922,-362.71031058277003,489.54918383969925,138.47265075108697,2.506326926554614e-08,-11.137155233882368,2.1442816783423377
Unf,248.95668208885652,246.13433924969286,350.4257765598595,140.00071678310633,210.4250597767532,54.063138259945234,-0.020628972627858184,24.748331517912447,2.2761045217769986,248.95668208885652,246.13433924969286,350.4257765598595,140.00071678310633,210.4250597767532,54.063138259945234,-0.020628972627858184,24.748331517912447,2.2761045217769986,201.6568039467669,219.16953119216487,332.06952502951026,-9.366139238409232,341.4356642679195,96.58790287946842,-0.8745018925267188,20.306750072450086,3.0937337158044302,202.61904973477402,220.21534095983952,333.65405397489667,-9.410831808054354,343.064885782951,97.04879056978541,-0.8745019426491607,20.403647777129663,3.093733773114021,202.94937382914213,220.57435126043856,334.198004566133,-9.426174074178562,343.6241786403116,97.2070070159787,-0.8745019183153373,20.436911289834825,3.0937337533758265,202.26437933300846,219.8298752773553,333.0700274091214,-9.394358130521141,342.46438553964254,96.87891438028859,-0.874501894978634,20.367932665976696,3.0937336971973544,202.37240171092287,219.94727467244957,333.24790274491534,-9.399375812790822,342.64727855770616,96.93065371138027,-0.8745019121174626,20.378810451347817,3.093733734872908,248.95668208885652,246.13433924969286,350.4257765598595,140.00071678310633,210.4250597767532,54.063138259945234,-0.020628972627858184,24.748331517912447,2.2761045217769986
Fam,-220.31555328374873,-257.1710356278345,56.640074035385624,-340.1809372007847,396.8210112361703,102.83555375045636,1.561493425186019,-22.48186001816066,4.781150686429797,-220.31555328374873,-257.1710356278345,56.640074035385624,-340.1809372007847,396.8210112361703,102.83555375045636,1.561493425186019,-22.48186001816066,4.781150686429797,-132.60729654645658,-158.34072837606072,53.673109505325556,-322.36133120022714,376.0344407055527,114.77974513387638,0.14659364783579423,-12.941175069499877,1.8257831542330052,-133.24006114929105,-159.09628564259037,53.92922321334481,-323.8995559513569,377.8287791647017,115.32744148884998,0.1465936730687266,-13.00292670748604,1.82578310326349,-133.45728015897643,-159.35565897962078,54.0171422471758,-324.42761585116386,378.44475809833966,115.51545847853025,0.14659361425211534,-13.024125186348101,1.8257832202143451,-133.0068321294675,-158.8177983649075,53.8348249392584,-323.33258423022926,377.16740916948766,115.1255677495156,0.14659367110581736,-12.980165836779634,1.8257831638607636,-133.0778674960479,-158.90261784079485,53.86357497627614,-323.5052718082443,377.36884678452043,115.18705321269306,0.14659365156561338,-12.987098200028413,1.825783160392901,-220.31555328374873,-257.1710356278345,56.640074035385624,-340.1809372007847,396.8210112361703,102.83555375045636,1.561493425186019,-22.48186001816066,4.781150686429797
Fam,-90.56270251816247,-111.93423779332079,72.44959124363959,-208.43508536927402,280.8846766129136,79.16861030447656,0.6432170648674709,-9.217427606927231,2.50203490366772,-90.56270251816247,-111.93423779332079,72.44959124363959,-208.43508536927402,280.8846766129136,79.16861030447656,0.6432170648674709,-9.217427606927231,2.50203490366772,-67.36214464371398,-74.19821122311987,68.65448085591197,-193.34576791152358,262.00024876743555,71.79753962273743,0.18085043152399302,-6.739707823726349,2.248767274694393,-67.68357819125343,-74.55226659658365,68.98208084749058,-194.26835933700204,263.2504401844926,72.14013774197646,0.18085041612266048,-6.7718678546953015,2.248767250374015,-67.79392086942747,-74.67380419257097,69.09454532433301,-194.58506722003222,263.6796125443652,72.25774583580376,0.1808504514235927,-6.782907837987295,2.248767286943162,-67.56510146470436,-74.42176502081566,68.8613363308832,-193.92831018194556,262.78964651282877,72.01386040225954,0.18085042455285433,-6.760014024621341,2.248767312097756,-67.6011862922748,-74.46151175827254,68.89811083965469,-194.03187616262585,262.92998700228054,72.0523209006943,0.18085043090577513,-6.763624385257572,2.2487672810273316,-90.56270251816247,-111.93423779332079,72.44959124363959,-208.43508536927402,280.8846766129136,79.16861030447656,0.6432170648674709,-9.217427606927231,2.50203490366772
Unf,138.47027317017188,156.55395691283047,216.33596043102443,-9.87439852906391,226.21035896008834,57.367120958187776,-1.3945370497643108,14.094318691604713,4.437817007826675,138.47027317017188,156.55395691283047,216.33596043102443,-9.87439852906391,226.21035896008834,57.367120958187776,-1.3945370497643108,14.094318691604713,4.437817007826675,89.98740752129099,126.92521340795793,205.00370010267943,-183.63863637205213,388.64233647473156,106.68388776151616,-1.5697294886722948,9.399587841471657,4.772088270822576,90.41680333701571,127.53086775774136,205.98192350007594,-184.5149090513587,390.49683255143464,107.19295378905328,-1.5697294689951702,9.44444014749024,4.772088205626272,90.56420696232145,127.73877824656665,206.31772349588573,-184.81571169104427,391.13343518693,107.36770611869565,-1.5697294776054973,9.45983712153975,4.772088211902799,90.25853348877997,127.3076304642018,205.62135614454746,-184.1919292928651,389.81328543741256,107.00531954137352,-1.5697294830736714,9.427908138604835,4.772088206227503,90.30673782735202,127.37562246911693,205.73117581079714,-184.29029660183005,390.0214724126272,107.06246680265966,-1.5697294795866583,9.43294331227662,4.772088223644787,138.47027317017188,156.55395691283047,216.33596043102443,-9.87439852906391,226.21035896008834,57.367120958187776,-1.3945370497643108,14.094318691604713,4.437817007826675
Fam,-61.362989404537636,-80.26665091165341,64.29802306229249,-182.5050712795928,246.8030943418853,75.00480065417777,0.27303181052624875,-6.05034764703305,2.0526330723955497,-61.362989404537636,-80.26665091165341,64.29802306229249,-182.5050712795928,246.8030943418853,75.00480065417777,0.27303181052624875,-6.05034764703305,2.0526330723955497,-38.71843961178456,-69.13594188517891,60.929913161089644,-92.44638931704685,153.3763024781365,52.03712071974704,0.919267383108596,-3.7597482391902304,2.1966971460819353,-38.90319271704357,-69.4658410793636,61.220656789373606,-92.88751607527956,154.10817286465317,52.28542713849251,0.9192674109575397,-3.777688665650203,2.1966971984641868,-38.96661605459975,-69.57909135962836,61.32046109996736,-93.03895058110356,154.35941168107092,52.370666946235076,0.9192673852350394,-3.783847378599603,2.1966971583398776,-38.83509612023772,-69.34424891369417,61.1134892096743,-92.7249202504754,153.8384094601497,52.193905280041385,0.9192673907176613,-3.7710761516791536,2.1966971271586804,-38.8558361259164,-69.38128080946626,61.14613006502623,-92.77444405597635,153.92057412100257,52.221780021129,0.9192673925047091,-3.7730901087797974,2.19669715751117,-61.362989404537636,-80.26665091165341,64.29802306229249,-182.5050712795928,246.8030943418853,75.00480065417777,0.27303181052624875,-6.05034764703305,2.0526330723955497
Unf,85.35917987291424,76.76152745261788,197.31007341761142,-68.00764822401106,265.3177216416225,66.92953465765224,-0.041640156145953816,8.715195992408553,2.7503424211306147,85.35917987291424,76.76152745261788,197.31007341761142,-68.00764822401106,265.3177216416225,66.92953465765224,-0.041640156145953816,8.715195992408553,2.7503424211306147,-24.366748081005287,-39.798828765924554,102.03578131040558,-147.96706091146916,250.00284222187474,82.66357255986313,0.038968123082409344,-2.4422792412224226,1.4224698094961834,-24.483019737649904,-39.988737626117654,102.5226665660739,-148.67311983834952,251.19578640442342,83.05802005547406,0.038968113756767384,-2.453933146171039,1.4224698215495222,-24.522933157501168,-40.05393111583544,102.68980986438692,-148.9154965383932,251.60530640278012,83.1934271421395,0.03896813151642981,-2.457933675032109,1.422469818912493,-24.440163612710492,-39.918740185385104,102.34320507152006,-148.4128733864054,250.75607845792547,82.9126314245886,0.03896812217492892,-2.4496376790921204,1.4224698093703414,-24.453216147216715,-39.94005942331569,102.39786570309661,-148.49213766865432,250.89000337175094,82.95691279551632,0.03896812263263386,-2.4509459353794227,1.422469814832135,85.35917987291424,76.76152745261788,197.31007341761142,-68.00764822401106,265.3177216416225,66.92953465765224,-0.041640156145953816,8.715195992408553,2.7503424211306147
Fam,-416.56687636322414,-411.4974435651675,-303.77451912499964,-558.3349848166108,254.56046569161117,76.94901224613115,-0.17142775570218666,-41.76898050354794,1.826360586001666,-416.56687636322414,-411.4974435651675,-303.77451912499964,-558.3349848166108,254.56046569161117,76.94901224613115,-0.17142775570218666,-41.76898050354794,1.826360586001666,-390.3847850429324,-386.55969547107816,-270.0361073948443,-525.3494018688798,255.3132944740355,76.94477119267944,-0.15562301638280024,-39.05543690780178,1.8164224175301438,-392.24759250198707,-388.40425258968025,-271.3246503844857,-527.8561729937792,256.53152260929346,77.31192661930643,-0.15562285218130645,-39.24179857131094,1.8164222226644218,-392.8870652229167,-389.0374500770122,-271.76697039976716,-528.7167732603848,256.94980286061764,77.43797338466307,-0.15562310114697067,-39.305773680098355,1.8164227612989052,-391.56098612763276,-387.7243580063805,-270.8497049752623,-526.9322427920997,256.08253781683743,77.17660338219717,-0.15562302830936897,-39.17310811812058,1.816422530987636,-391.7701072238672,-387.9314390360378,-270.99435828858986,-527.2136477287859,256.219289440196,77.21781864471153,-0.1556229995051116,-39.19402931933291,1.8164224831202767,-416.56687636322414,-411.4974435651675,-303.77451912499964,-558.3349848166108,254.56046569161117,76.94901224613115,-0.17142775570218666,-41.76898050354794,1.826360586001666
Fam,-129.37904198049813,-143.8456602045335,42.64258313924074,-253.80589067935944,296.4484738186002,83.50698598322974,0.5828683640773037,-12.949462878623308,2.544493180942519,-129.37904198049813,-143.8456602045335,42.64258313924074,-253.80589067935944,296.4484738186002,83.50698598322974,0.5828683640773037,-12.949462878623308,2.544493180942519,-119.0765407579,-135.3139741695486,40.4088495997712,-233.01794135477394,273.42679095454514,75.10961352443316,0.7344028356611746,-11.468581877579709,2.8182092357009623,-119.64474178792163,-135.95965720014647,40.60166975250468,-234.12983864545822,274.7315083979629,75.46801611363088,0.7344028354649356,-11.52330685272318,2.818209205341566,-119.8397954606907,-136.18131197290495,40.6678591389209,-234.51153538189828,275.1793945208192,75.59104982467763,0.734402770159515,-11.542092976242202,2.8182092131323797,-119.435312156541,-135.72167517850175,40.53059819852933,-233.72001305688173,274.25061125541106,75.33591537729738,0.7344027663820147,-11.50313610764897,2.8182091646579006,-119.49909754076333,-135.79415463027544,40.55224417243153,-233.84483210975304,274.39707628218457,75.37614871000976,0.73440280191691,-11.509279453548515,2.818209204708202,-129.37904198049813,-143.8456602045335,42.64258313924074,-253.80589067935944,296.4484738186002,83.50698598322974,0.5828683640773037,-12.949462878623308,2.544493180942519
Unf,-74.16513510459201,-62.719156630919315,58.624838857213035,-200.12426830362529,258.7491071608383,77.32317372745626,0.03474101337987374,-7.0680131429980975,1.6365463159090996,-74.16513510459201,-62.719156630919315,58.624838857213035,-200.12426830362529,258.7491071608383,77.32317372745626,0.03474101337987374,-7.0680131429980975,1.6365463159090996,-116.87337200783077,-39.05120865965728,55.55391180678271,-438.68206557817757,494.2359773849603,153.48532638071526,-0.9567722165076143,-11.859335818371619,2.5537424512846005,-117.43106200321144,-39.23754957213532,55.81899677054025,-440.7753294799477,496.59432625048794,154.21771962234376,-0.9567722248568302,-11.915925578250608,2.553742407743509,-117.62250546081094,-39.301516153500415,55.909997172420844,-441.4939321577549,497.40392933017574,154.4691353498812,-0.9567722230468731,-11.935351662941684,2.5537424336047563,-117.22550490188812,-39.168866351246834,55.72129157371819,-440.0037869345397,495.72507850825787,153.9477700967639,-0.956772236623093,-11.895067342265975,2.5537424657459713,-117.2881110934353,-39.18978518413496,55.7510493308655,-440.23877853760496,495.98982786847046,154.02998786242603,-0.9567722252586027,-11.901420100457472,2.5537424395947093,-74.16513510459201,-62.719156630919315,58.624838857213035,-200.12426830362529,258.7491071608383,77.32317372745626,0.03474101337987374,-7.0680131429980975,1.6365463159090996
Fam,194.3487593682501,185.79134484753013,400.0276967417449,20.30518589890562,379.72251084283926,88.56576953484198,0.369174353625725,19.807678181678057,3.5036745573865877,194.3487593682501,185.79134484753013,400.0276967417449,20.30518589890562,379.72251084283926,88.56576953484198,0.369174353625725,19.807678181678057,3.5036745573865877,144.92675137052385,148.31449516350403,252.6475873310119,78.067350841593,174.5802364894189,44.472313064338934,0.16597086303111755,14.26860029459931,2.699320030263625,145.61830231776605,149.02221300872043,253.85315530002117,78.43986531952396,175.4132899804972,44.68452279197051,0.16597081858881324,14.336686144815758,2.6993201757272045,145.8557005837345,149.265157233458,254.26701176911592,78.56774755055085,175.69926421856508,44.757372349866515,0.1659709460327838,14.360058907186612,2.6993201404518885,145.36340733264717,148.76136265229434,253.40879801660776,78.3025607233867,175.10623729322106,44.60630551229509,0.1659707845870297,14.311590755824,2.699319974046851,145.4410404011679,148.8408070144942,253.5441381041892,78.34438110876363,175.19975699542556,44.630128429617756,0.16597085305993609,14.31923402560642,2.6993200801223924,194.3487593682501,185.79134484753013,400.0276967417449,20.30518589890562,379.72251084283926,88.56576953484198,0.369174353625725,19.807678181678057,3.5036745573865877
Fam,108.37106205704353,68.35501699242741,467.4254741985351,-120.61862798873335,588.0441021872684,175.148849285349,0.5809799660614525,11.10728347703116,2.437763733682889,-55.04359618358789,-34.71873060334474,61.26434891484678,-237.4137402512133,298.6780891660601,88.96122438650269,-0.5809799718759736,-5.641587460559094,2.437763707619499,-11.091754878669654,5.787145596514165,58.05515684187412,-220.60357150621712,278.65872834809124,65.87057099673092,-1.863482673439985,-0.5995599130983464,6.6835747100469565,-11.144682485582262,5.8147601293967455,58.33218165207654,-221.65624250192195,279.9884241539985,66.18488864104306,-1.8634827496705872,-0.6024209051247453,6.683575078132991,-11.162850910295674,5.824239906360162,58.42727841809392,-222.01759566087276,280.4448740789667,66.29278777417512,-1.8634827067528859,-0.6034029856891721,6.68357483424197,-11.125174628782238,5.804581746815529,58.2300745008979,-221.268244786188,279.4983192870859,66.06903688171141,-1.8634827360853061,-0.601366433329531,6.683574941185789,-11.131115725832457,5.8076818447716505,58.26117285323562,-221.38641361379996,279.6475864670356,66.10432107341512,-1.863482716487191,-0.6016875593104487,6.683574890901927,26.663732936727822,16.818143194541335,264.34491155669093,-179.01618411997333,443.36109567666426,132.05503683592585,-2.907260543416612e-09,2.732848008236033,2.437763720651194
Unf,-414.81879060693944,-441.0407564137131,-319.3867742083967,-479.4491978827864,160.06242367438972,52.22492388224167,0.5620236188053198,-41.426786803640425,1.7614383335608175,-414.81879060693944,-441.0407564137131,-319.3867742083967,-479.4491978827864,160.06242367438972,52.22492388224167,0.5620236188053198,-41.426786803640425,1.7614383335608175,-383.66262406970446,-388.1516167894006,-302.65640816651285,-439.0332323964685,136.37682422995567,44.25345491098967,0.5209696391321529,-38.21109770797193,1.9676249599969027,-385.49335463008345,-390.00375545583665,-304.1005984414369,-441.12815521657467,137.02755677513778,44.464618592558175,0.5209696826326513,-38.39343029540032,1.967624969480581,-386.12181267056326,-390.6395722879097,-304.59638219326735,-441.847339970991,137.25095777772367,44.53710718272445,0.5209694526255855,-38.45602198271081,1.967624939653086,-384.8185711271631,-389.3210960086435,-303.5682893823832,-440.35600149072707,136.78771210834384,44.38678339025032,0.5209695844257687,-38.32622489426285,1.9676251698463614,-385.0240906243786,-389.5290101354476,-303.7304195459001,-440.5911822686903,136.86076272279024,44.41049101913065,0.5209695897040396,-38.34669372008648,1.967625009744233,-414.81879060693944,-441.0407564137131,-319.3867742083967,-479.4491978827864,160.06242367438972,52.22492388224167,0.5620236188053198,-41.426786803640425,1.7614383335608175
Unf,-20.42309128787915,-35.33921881171409,99.51833635568619,-118.44756227219477,217.96589862788096,66.17331474663669,0.19535827401081507,-2.018378840148216,1.8113842204720056,-20.42309128787915,-35.33921881171409,99.51833635568619,-118.44756227219477,217.96589862788096,66.17331474663669,0.19535827401081507,-2.018378840148216,1.8113842204720056,-80.75376633944241,-68.24002775829285,94.30529462406412,-231.30755289457738,325.6128475186415,92.25145623076308,0.024364491670744413,-8.249303296906874,2.3370027309797,-81.13909969044751,-68.5656486894004,94.75529077462852,-232.41128656081855,327.1665773354471,92.69165286150249,0.024364456327223914,-8.288666565931635,2.337002766520752,-81.27137964318256,-68.67743286420591,94.90976663073525,-232.79017477761954,327.6999414083548,92.84276603489087,0.024364485010274287,-8.302179456222802,2.3370027244545604,-80.99707226322677,-68.44563176855445,94.5894280448556,-232.00447321869433,326.5939012635499,92.52940295090089,0.024364444511930195,-8.274157939013094,2.337002759569674,-81.0403294840748,-68.4821852701134,94.63994501857087,-232.12837186292745,326.7683168814983,92.57881951951433,0.0243644693800432,-8.278576814518601,2.3370027453811715,-20.42309128787915,-35.33921881171409,99.51833635568619,-118.44756227219477,217.96589862788096,66.17331474663669,0.19535827401081507,-2.018378840148216,1.8113842204720056
Unf,-175.4456276243078,-209.63425049558282,43.09484938858077,-356.19791015051305,399.2927595390938,118.46237238642405,0.38824553982613685,-17.569302282936405,1.9011071881809063,-175.4456276243078,-209.63425049558282,43.09484938858077,-356.19791015051305,399.2927595390938,118.46237238642405,0.38824553982613685,-17.569302282936405,1.9011071881809063,-130.68099318703528,-133.9944574283436,40.83742169314064,-337.5392989255488,378.37672061868943,98.82331471779504,-0.3689801913804242,-13.052275739028119,2.89105159698027,-131.30456584174402,-134.63383947964758,41.0322863899637,-339.1499340068549,380.1822203968186,99.2948724509456,-0.36898024400692175,-13.114557514199987,2.891051666103756,-131.51862808277096,-134.85332601703703,41.099181544268504,-339.7028485778719,380.8020301221404,99.45674879517091,-0.36898019412872846,-13.135937821061816,2.891051658244119,-131.074724777136,-134.39817121252418,40.96046177437529,-338.55627407319844,379.5167358475737,99.12106038638336,-0.368980156966602,-13.091601242194884,2.891051611799032,-131.14472797217158,-134.4699485343881,40.982337850437034,-338.7370888958685,379.71942674630554,99.17399908757373,-0.3689801966206691,-13.098593079121201,2.891051633281794,-175.4456276243078,-209.63425049558282,43.09484938858077,-356.19791015051305,399.2927595390938,118.46237238642405,0.38824553982613685,-17.569302282936405,1.9011071881809063
Fam,583.2650159181168,608.1989267840981,869.3407871760428,200.59128291904926,668.7495042569935,203.1114790210227,-0.44373464460858303,58.88515495462343,2.0592645176056745,-296.2506984588869,-308.9150704909116,-101.88388841925189,-441.5536823216826,339.6697939024307,103.1639403947963,0.4437346445336416,-29.908819880802184,2.0592644645152163,-278.1596487273838,-293.7740500783548,-39.62943083024584,-418.42387872748077,378.79444789723493,108.39317490255543,0.8270032066044277,-27.8406174184056,2.811234726676011,-279.4869485044798,-295.1758506242186,-39.818532968638465,-420.42048880830407,380.6019558396656,108.91039680498129,0.8270031831847631,-27.97346499573905,2.811234780358381,-279.9425870202518,-295.65706790890545,-39.8834454244934,-421.10588401556015,381.22243859106675,109.08794793602108,0.8270032854325128,-28.019069257425144,2.811234889551266,-278.99772248929366,-294.6591703221202,-39.748832932673395,-419.6845693513751,379.9357364187017,108.71975475976726,0.8270032302398586,-27.92449906701222,2.8112347969518003,-279.14672668535223,-294.81653473339975,-39.770060539012775,-419.90870522568,380.13864468666725,108.77781860083127,0.8270032263653906,-27.939412684645504,2.8112347983843646,143.50715872961493,149.64192814659327,383.72844937839545,-120.48119970131665,504.2096490797121,153.1377097079095,-3.7470720970489424e-11,14.488167536910623,2.0592644910604454
Fam,29.49357933455478,-15.88265149621293,247.53218167461455,-115.56408571777865,363.0962673923932,107.15624901167507,0.6452572744710867,3.0088818493823055,2.139918124890746,29.49357933455478,-15.88265149621293,247.53218167461455,-115.56408571777865,363.0962673923932,107.15624901167507,0.6452572744710867,3.0088818493823055,2.139918124890746,77.85415793757868,75.99275340908207,234.56575581803918,-45.56944622891024,280.1352020469494,73.9134255386279,0.43169018991953295,7.966889294038992,2.5055643134409893,78.2256566673403,76.35537258465774,235.68504548165947,-45.78688822221011,281.4719337038696,74.26611972240698,0.43169022518593303,8.004905104826321,2.505564381616087,78.35318554218527,76.4798533055,236.06927425134927,-45.861535909352824,281.9308101607021,74.38719323893683,0.4316901778889092,8.017955249670194,2.5055643155623186,78.08872639823396,76.221716881264,235.27248413302004,-45.70674354908988,280.9792276821099,74.1361203497556,0.4316901654295096,7.9908928946679225,2.5055642873835495,78.13043163633455,76.26242404512595,235.398139921017,-45.73115347739076,281.12929339840775,74.17571471243184,0.4316901896059712,7.995160635800858,2.505564324500736,29.49357933455478,-15.88265149621293,247.53218167461455,-115.56408571777865,363.0962673923932,107.15624901167507,0.6452572744710867,3.0088818493823055,2.139918124890746
Unf,-297.2721486003138,-263.9956073835492,-184.66955225449055,-462.72293548099697,278.0533832265064,85.82056139744626,-0.6648546616386296,-29.725055530434474,2.0668293214635387,-297.2721486003138,-263.9956073835492,-184.66955225449055,-462.72293548099697,278.0533832265064,85.82056139744626,-0.6648546616386296,-29.725055530434474,2.0668293214635387,-270.293808101157,-290.3849526774138,-65.07742364192382,-438.48424684256315,373.40682320063934,122.18524390111327,0.3866793249982484,-27.55063476797659,1.7162894229329766,-271.5835754105893,-291.7705860454589,-65.38795423693955,-440.57657942175865,375.1886251848191,122.76828031853695,0.3866792114313101,-27.682098792865872,1.7162893951574516,-272.02632582674806,-292.24624449852854,-65.49455429194495,-441.2948328536004,375.80027856165543,122.9684233422961,0.38667921958005663,-27.727227643481456,1.7162893781218687,-271.1081853284178,-291.2598574766889,-65.27349614771083,-439.8053861223161,374.5318899746053,122.5533815267413,0.386679252680143,-27.63364299607929,1.7162894233230974,-271.25297366672805,-291.41541017452255,-65.30835707962979,-440.0402613100596,374.7319042304298,122.6188322721719,0.38667925217243954,-27.6484010501008,1.7162894048838484,-297.2721486003138,-263.9956073835492,-184.66955225449055,-462.72293548099697,278.0533832265064,85.82056139744626,-0.6648546616386296,-29.725055530434474,2.0668293214635387
Fam,-166.75804954502382,-185.3264038800262,-8.72110922500724,-318.0935455020517,309.37243627704447,91.28128652444802,0.16545631367257654,-16.425957965111593,1.8519545819522294,-166.75804954502382,-185.3264038800262,-8.72110922500724,-318.0935455020517,309.37243627704447,91.28128652444802,0.16545631367257654,-16.425957965111593,1.8519545819522294,-158.12535247487875,-148.7119370722212,-36.02122887969017,-301.4309622813016,265.40973340161145,69.1804343480894,-0.3553396941667156,-15.456619526958093,2.6532274514020706,-158.87988117286184,-149.42154666641727,-36.19311246438883,-302.86930268630385,266.676190221915,69.51054299868771,-0.3553396575867654,-15.530374061199836,2.6532273199184164,-159.13889756820237,-149.66514572734013,-36.25211684266105,-303.36304917000234,267.1109323273413,69.62386458301184,-0.35533965863850436,-15.555692720226943,2.6532273102820496,-158.6017704259855,-149.15999781806022,-36.12975706346333,-302.339147310704,266.20939024724066,69.38886885253656,-0.35533963625463755,-15.503188973525539,2.653227290432839,-158.68647541048213,-149.2396568210097,-36.14905381255085,-302.50061536207795,266.3515615495271,69.42592769558138,-0.3553396616616557,-15.511468820477603,2.6532273430088438,-166.75804954502382,-185.3264038800262,-8.72110922500724,-318.0935455020517,309.37243627704447,91.28128652444802,0.16545631367257654,-16.425957965111593,1.8519545819522294
Fam,11.614913281968816,0.8633475943042868,132.6303754467517,-89.10195174394175,221.73232719069347,61.92486184336657,0.23067058994110526,1.042311968149079,2.0991998429667684,11.614913281968816,0.8633475943042868,132.6303754467517,-89.10195174394175,221.73232719069347,61.92486184336657,0.23067058994110526,1.042311968149079,2.0991998429667684,32.29225953523732,34.76952406344935,102.06334991380572,-84.43454862572253,186.49789853952825,57.08819522995528,-0.6163757784619032,3.1284364267776255,2.395947855719249,32.446348191465056,34.935435905936174,102.55036613671109,-84.83744750265032,187.3878136393614,57.360603130744686,-0.6163758082874853,3.1433643598575145,2.39594787340385,32.499245249412596,34.992388464161195,102.7175530907698,-84.97575618093833,187.69330927170813,57.454117332868044,-0.6163757782372615,3.1484889593684784,2.3959478478413514,32.389553314697665,34.874283301178366,102.37086098641157,-84.68894520774484,187.0598061941564,57.2601966529132,-0.6163757926434416,3.137862141329606,2.3959478558060745,32.40685157270316,34.89290793368127,102.42553253192455,-84.734174379264,187.15970691118855,57.29077808662031,-0.6163757894075229,3.139537971833306,2.3959478581926312,11.614913281968816,0.8633475943042868,132.6303754467517,-89.10195174394175,221.73232719069347,61.92486184336657,0.23067058994110526,1.042311968149079,2.0991998429667684
Unf,-155.2280419463596,-140.90978220338002,57.456021750112996,-388.09666875749826,445.55269050761126,126.39775393997272,-0.21188669793667284,-15.932198803056963,2.209262479098306,-155.2280419463596,-140.90978220338002,57.456021750112996,-388.09666875749826,445.55269050761126,126.39775393997272,-0.21188669793667284,-15.932198803056963,2.209262479098306,-60.455572128961585,-37.55005127459299,88.4343680809252,-406.7696863785386,495.2040544594638,129.0572850744687,-0.9376514701769094,-5.41206404708916,3.5588007376824846,-60.744047651542296,-37.72922900679987,88.85635179467499,-408.7106790393591,497.5670308340341,129.67310776524334,-0.9376514587391329,-5.437888737969132,3.5588007940782354,-60.843077861796665,-37.79073813348077,89.00120883481577,-409.37698213383555,498.3781909686513,129.88451106709945,-0.9376514943654322,-5.4467540796281355,3.5588008108423326,-60.637719933869064,-37.663185139535926,88.7008136487566,-407.99524867907166,496.69606232782826,129.4461245569213,-0.9376514524030425,-5.428370167926744,3.5588006627040842,-60.6701043940424,-37.68330088860239,88.74818558979314,-408.21314905770123,496.96133464749437,129.5152571159332,-0.9376514689211292,-5.431269258153293,3.5588007513267836,-155.2280419463596,-140.90978220338002,57.456021750112996,-388.09666875749826,445.55269050761126,126.39775393997272,-0.21188669793667284,-15.932198803056963,2.209262479098306
Unf,141.74107468534203,150.21609578980133,402.80239772982895,-220.90176935307682,623.7041670829058,125.39608482648717,-0.7231037759683184,15.170955320172652,5.438264377288951,141.74107468534203,150.21609578980133,402.80239772982895,-220.90176935307682,623.7041670829058,125.39608482648717,-0.7231037759683184,15.170955320172652,5.438264377288951,73.08397936666412,45.27165037870873,381.7025281023234,-209.33033374603838,591.0328618483618,137.18876950975906,0.29911707029321755,7.377178404794904,3.479249874408725,73.4327156303257,45.48767537926324,383.5239040199667,-210.32920631114393,593.8531103311107,137.8433968981846,0.29911699958923377,7.412380218966064,3.4792498684809186,73.55243047431242,45.561831939266995,384.14914160966873,-210.67209308966994,594.8212346993387,138.0681172866293,0.29911701177728783,7.424464378345874,3.479249813489543,73.30417506942958,45.40804911812302,382.85256596282125,-209.96102830395103,592.8135942667723,137.60210820875108,0.29911703669380446,7.399405198839304,3.4792498626765456,73.34332513518295,45.432301703840494,383.057034923695,-210.07316536270082,593.1302002863958,137.675597975831,0.29911702958838593,7.4033570502365365,3.479249854763933,141.74107468534203,150.21609578980133,402.80239772982895,-220.90176935307682,623.7041670829058,125.39608482648717,-0.7231037759683184,15.170955320172652,5.438264377288951
Unf,37.1696198376762,45.28120007307734,110.51799083361402,-61.274833569768816,171.79282440338284,46.601642666787484,-0.4586440863576564,3.5060096397501184,2.517180277680788,37.1696198376762,45.28120007307734,110.51799083361402,-61.274833569768816,171.79282440338284,46.601642666787484,-0.4586440863576564,3.5060096397501184,2.517180277680788,34.952468398002495,43.28923023422249,104.72875874256715,-58.06508852401748,162.79384726658463,40.894645401766056,-0.6610899523231767,3.463998047664063,3.1164766834588074,35.11925112539197,43.49579285189975,105.22849333938211,-58.342160627944395,163.5706539673265,41.08978317904168,-0.6610899492317069,3.4805272125595366,3.1164767388026235,35.17650558338713,43.56670251581818,105.40004586800933,-58.437271945877,163.83731781388633,41.1567709204221,-0.6610899325527735,3.486201464511396,3.1164766463079134,35.0577777575941,43.419657231424935,105.04430247237906,-58.240035286871716,163.28433775925077,41.01785844701246,-0.6610899198611396,3.4744348286039894,3.1164766902290473,35.076500716093925,43.44284570834134,105.10040010558441,-58.27113909617765,163.37153920176206,41.03976448706057,-0.6610899384921992,3.4762903883347462,3.116476689699598,37.1696198376762,45.28120007307734,110.51799083361402,-61.274833569768816,171.79282440338284,46.601642666787484,-0.4586440863576564,3.5060096397501184,2.517180277680788
Fam,73.2585279227858,69.22939428477548,228.60612079966813,-44.62776269065216,273.2338834903203,75.33226160549827,0.44706566462599995,7.58651910075514,2.275702390292061,73.2585279227858,69.22939428477548,228.60612079966813,-44.62776269065216,273.2338834903203,75.33226160549827,0.44706566462599995,7.58651910075514,2.275702390292061,-29.50218549813144,-12.598331522895023,216.6311169276014,-290.75340717099607,507.38452409859747,155.8794533826221,-0.12639186813722675,-2.9199827113188803,1.6294206754045606,-29.64296233515667,-12.658448213187512,217.66481222584844,-292.140815872699,509.80562809854746,156.62326687271323,-0.1263918813339063,-2.9339160755625926,1.6294206677749825,-29.69128959543573,-12.679083738476038,218.0196752306074,-292.617070954293,510.6367461849004,156.87860797865082,-0.12639188774292856,-2.938699326477945,1.6294206941505438,-29.591074962809216,-12.636289284273516,217.28381398133934,-291.62943246774375,508.9132464490831,156.34910948699454,-0.12639187916541358,-2.9287805591593497,1.629420687451434,-29.606878097883264,-12.643038189708022,217.39985459134914,-291.78518161643296,509.1850362077821,156.43260943024518,-0.1263918790948688,-2.930344668129692,1.6294206811953802,73.2585279227858,69.22939428477548,228.60612079966813,-44.62776269065216,273.2338834903203,75.33226160549827,0.44706566462599995,7.58651910075514,2.275702390292061
Unf,-178.44278311083775,-195.24827803252265,-45.59746230370365,-311.6992593277246,266.1017970240209,76.04453446012404,0.07209726523934348,-17.843113935668953,2.0619227054726483,-178.44278311083775,-195.24827803252265,-45.59746230370365,-311.6992593277246,266.1017970240209,76.04453446012404,0.07209726523934348,-17.843113935668953,2.0619227054726483,-174.90632350158054,-179.38333621714264,-27.521498850546777,-328.7082363385707,301.18673748802394,96.19534521930957,-0.023448909733046353,-17.33910001348704,1.6151887887508949,-175.7409261419805,-180.23930169874802,-27.652824428514577,-330.27672907337546,302.6239046448609,96.65436107499683,-0.02344886934160839,-17.42183719034074,1.6151887742793587,-176.02743285421568,-180.53314124699682,-27.697904442902654,-330.8151790406555,303.11727459775284,96.8119351927783,-0.0234489139450109,-17.450239640311338,1.6151888392442622,-175.43330348137084,-179.9238016246818,-27.60441930149682,-329.6986105851829,302.0941912836861,96.48517537950576,-0.023448918296690647,-17.39134144736454,1.6151887652334178,-175.52699649478689,-180.01989519689232,-27.619161755865207,-329.87468875944614,302.25552700358094,96.53670421664762,-0.023448902829089072,-17.400629572875914,1.6151887918769834,-178.44278311083775,-195.24827803252265,-45.59746230370365,-311.6992593277246,266.1017970240209,76.04453446012404,0.07209726523934348,-17.843113935668953,2.0619227054726483
Fam,10.813203257516061,-18.233235735465314,208.5598389385268,-176.34406685829163,384.90390579681844,126.14502357524097,0.06391743804346124,1.032725728123296,1.5228772589737327,10.813203257516061,-18.233235735465314,208.5598389385268,-176.34406685829163,384.90390579681844,126.14502357524097,0.06391743804346124,1.032725728123296,1.5228772589737327,-64.89034278335846,-73.62596807070076,73.64033808698878,-167.1066856943071,240.74702378129587,62.785069491784206,0.5032468801014233,-6.552607755907047,2.974732137157412,-65.19997938224921,-73.97729132208042,73.99172318400815,-167.90407244116068,241.89579562516883,63.08466032099684,0.5032469075784088,-6.583874769603426,2.9747321333814485,-65.30627505167803,-74.09789759549312,74.1123512852937,-168.17779396660626,242.29014525189996,63.18750745559663,0.5032469059030644,-6.5946084731649535,2.9747321196696315,-65.08585227803766,-73.8478011044208,73.86221113847569,-167.61016740929335,241.47237854776904,62.97423706902249,0.5032468463831935,-6.572350252042725,2.9747321492733683,-65.12061237383085,-73.88723952317378,73.90165592369158,-167.69967987784185,241.60133580153342,63.007868584350035,0.5032468849915225,-6.575860312679538,2.974732134870465,10.813203257516061,-18.233235735465314,208.5598389385268,-176.34406685829163,384.90390579681844,126.14502357524097,0.06391743804346124,1.032725728123296,1.5228772589737327
Unf,-265.05095145414367,-257.0160722825676,-154.95285333599895,-387.11196975782514,232.15911642182618,66.12162654774573,-0.03543781109190751,-26.356632239185274,2.22876567923574,-265.05095145414367,-257.0160722825676,-154.95285333599895,-387.11196975782514,232.15911642182618,66.12162654774573,-0.03543781109190751,-26.356632239185274,2.22876567923574,-297.52328779208113,-292.3254942288622,-183.23153199162334,-411.9045624975115,228.67303050588816,58.81337851359251,-0.14192177265391853,-29.963292967295274,2.488974514602316,-298.9429843952306,-293.72038261499256,-184.10586926620454,-413.87006058357656,229.76419131737202,59.09401650150341,-0.14192170588611408,-30.106269288808107,2.4889746610580215,-299.43034538658907,-294.1992279374972,-184.40601706970483,-414.5448037888855,230.13878671918064,59.190356658386115,-0.141921798645684,-30.155350919812918,2.48897484832329,-298.4197075980214,-293.20624889805913,-183.78360255155712,-413.14560803584754,229.36200548429042,58.99057922657964,-0.141921755656549,-30.053570546442643,2.4889744859532232,-298.57908129298056,-293.3628384198528,-183.88175521977246,-413.36625872645527,229.4845035066828,59.02208272501542,-0.1419217582105664,-30.069620930589736,2.488974627484213,-265.05095145414367,-257.0160722825676,-154.95285333599895,-387.11196975782514,232.15911642182618,66.12162654774573,-0.03543781109190751,-26.356632239185274,2.22876567923574
Unf,69.97714902686661,76.52362910448574,169.14728621486574,-23.937598598422483,193.08488481328823,55.793882007965244,-0.031212446419344845,7.046965479730716,2.05707133197395,69.97714902686661,76.52362910448574,169.14728621486574,-23.937598598422483,193.08488481328823,55.793882007965244,-0.031212446419344845,7.046965479730716,2.05707133197395,67.55094591426314,78.28582238289528,160.2869015187025,-47.55263216793537,207.83953368663788,63.43651350210974,-0.44467238045433966,7.0303677130141295,2.0411801869672406,67.87327968665453,78.65937732276507,161.05173563119024,-47.779540182091296,208.83127581328154,63.73921432345478,-0.4446723935606912,7.063914614263922,2.041180154582883,67.9839312607118,78.78761607571505,161.31429583765566,-47.857432946329936,209.1717287839856,63.84312639595456,-0.44467241308974337,7.075430683471495,2.0411801659443727,67.754471904034,78.52169073885307,160.7698213774711,-47.69590304931626,208.46572442678735,63.62764263632613,-0.4446724195666899,7.051549691823311,2.0411801288918054,67.79065719141587,78.56362663005712,160.85568859125488,-47.721377086418215,208.5770656776731,63.661624214461305,-0.44467240166786604,7.0553156756432145,2.0411801590965757,69.97714902686661,76.52362910448574,169.14728621486574,-23.937598598422483,193.08488481328823,55.793882007965244,-0.031212446419344845,7.046965479730716,2.05707133197395
Unf,124.30169324663719,112.04880502191372,289.3775817938149,-1.9513556708261603,291.32893746464106,80.45959935968926,0.4723834237697345,12.630867571260751,2.8139873094179797,124.30169324663719,112.04880502191372,289.3775817938149,-1.9513556708261603,291.32893746464106,80.45959935968926,0.4723834237697345,12.630867571260751,2.8139873094179797,49.330602070522914,18.565679965831805,152.74190809577703,-35.6151103915181,188.35701848729514,59.36025667930096,0.23155715062961002,4.896129019925866,1.3612372163920363,49.565992863056,18.6542711162474,153.4707407699898,-35.78505857149139,189.25579934148118,59.643506227523275,0.23155710904346646,4.919491893360828,1.3612371649704778,49.646799294140905,18.684682800085284,153.72094640042633,-35.84339719964191,189.56434360006824,59.74074190036531,0.23155714148874565,4.927512028189085,1.3612372198449003,49.47923118746845,18.62161843746435,153.20211241487414,-35.72241621441208,188.92452862928621,59.539104585328275,0.23155716347630928,4.910880651095795,1.3612372650962137,49.50565635379707,18.63156307990721,153.28392692026682,-35.74149559426587,189.0254225145327,59.57090234812945,0.23155714115953285,4.913503398142893,1.361237216575907,124.30169324663719,112.04880502191372,289.3775817938149,-1.9513556708261603,291.32893746464106,80.45959935968926,0.4723834237697345,12.630867571260751,2.8139873094179797
Unf,-104.31758464881987,-62.015995354158804,104.27639062982053,-372.7366856765002,477.0130763063207,147.99981586691175,-0.6607115681246952,-10.23281457264602,2.217222741993339,52.98476030519011,31.499029319093097,189.31960221379995,-52.963838243158534,242.2834404569585,75.17174409789033,0.6607115281291749,5.197428866949849,2.2172226786891525,-72.34873686566236,-40.44314118800685,36.07539110817015,-262.28485512547195,298.3602462336421,93.47542223863539,-0.8191487700147713,-7.433292795781199,2.3281156863935424,-72.69396452723133,-40.63612504978664,36.24752935138531,-263.53640714660287,299.7839364979882,93.92146050300217,-0.8191487789922594,-7.468762367125237,2.328115690029319,-72.81247454106786,-40.70237264386378,36.30662467912771,-263.9660378918052,300.2726625709329,94.07457647641307,-0.8191487455711651,-7.480938382400382,2.3281156303773773,-72.56671814012897,-40.56499346916098,36.18408300098963,-263.07511143386364,299.25919443485327,93.75705774088934,-0.8191488153859079,-7.455688755726442,2.3281158038429783,-72.60547351852263,-40.58665808770456,36.2034070349182,-263.2156028994359,299.4190099343541,93.80712923973499,-0.8191487774910259,-7.459670575258315,2.328115702660804,-25.666412171814883,-15.258483017532853,146.79799642181024,-212.85026195982937,359.6482583816396,111.58577998240104,-1.9997760170031853e-08,-2.5176928528480857,2.217222710341246
Fam,10.389253097068481,1.215159329603921,151.74066356848925,-95.07835056865588,246.81901413714513,73.05088294283728,0.31873570343466784,1.193569064298572,2.0273338709622615,10.389253097068481,1.215159329603921,151.74066356848925,-95.07835056865588,246.81901413714513,73.05088294283728,0.31873570343466784,1.193569064298572,2.0273338709622615,51.04197652354532,27.548433536139783,250.66392845474184,-90.09788482217118,340.761813276913,107.87792910258536,0.43587193017544507,5.398814811996999,2.015370193920912,51.28553472716773,27.67988644336583,251.86003767885268,-90.52780660567805,342.38784428453073,108.39269246671908,0.4358719368906311,5.424576465884456,2.015370226334908,51.369144994868506,27.725011932488997,252.27063451893628,-90.67539212992415,342.9460266488604,108.56940292361398,0.4358719110891552,5.433420094050234,2.0153701652283145,51.19576326251263,27.63143402262358,251.41917285509408,-90.36934352479875,341.7885163798928,108.2029587699409,0.4358719347266165,5.415081152023049,2.015370207396838,51.223104877023545,27.646191483654547,251.55344337690622,-90.41760677064303,341.97105014754925,108.26074581571483,0.43587192822046195,5.417973130988685,2.015370198220243,10.389253097068481,1.215159329603921,151.74066356848925,-95.07835056865588,246.81901413714513,73.05088294283728,0.31873570343466784,1.193569064298572,2.0273338709622615
Fam,-302.13208335156264,-283.9525550371036,-93.24677375843748,-628.7677679210901,535.5209941626526,159.52325283942292,-0.7096225214013607,-29.476340248947963,2.59047924127331,153.4582736964624,144.22457024920732,319.36238519847393,47.36169648822397,272.00068871024996,81.02470673834358,0.7096225154893114,14.971558935940266,2.5904792466877673,175.9315304158148,170.70651665562764,302.6332997251302,44.88076228881255,257.75253743631765,76.27132325969454,0.09024173709135272,17.5980877247639,1.9556126420941284,176.77102578790465,171.52108193840832,304.0773735847324,45.09492282522842,258.982450759504,76.63526831125843,0.09024170010402807,17.682060788501985,1.9556125562162363,177.0592112174759,171.800704265479,304.57309912890196,45.16843910096213,259.4046600279398,76.76020513254161,0.09024170361558742,17.710887419525534,1.9556125152009247,176.4616005787572,171.22083954745904,303.54512273333967,45.01598596107215,258.5291367722675,76.50112479401426,0.09024175090970937,17.65110962151084,1.9556126317119775,176.55584199998816,171.3122856017435,303.70722379302606,45.04002754401881,258.66719624900725,76.5419803743772,0.0902417229301694,17.660536388575565,1.9556125863058167,-74.33690482755011,-69.86399239394814,113.05780572001822,-290.7030357164331,403.7608414364513,120.27397978888325,-2.956024647282618e-09,-7.252390656503849,2.5904792439805386
Unf,88.92363348422805,56.78266825270839,357.8198084142059,-94.94087134953588,452.7606797637418,134.76429001501654,0.6027773319244556,9.100925439270213,2.308232559517169,88.92363348422805,56.78266825270839,357.8198084142059,-94.94087134953588,452.7606797637418,134.76429001501654,0.6027773319244556,9.100925439270213,2.308232559517169,-28.526311325549614,-43.58739715826232,258.4856119938195,-111.21600982733071,369.7016218211502,82.36946444437085,2.0574967818459435,-3.3920644273166545,7.9736971597788955,-28.662431094954417,-43.79538222565316,259.71903232857585,-111.7466963478364,371.46572867641225,82.76250738023563,2.057496798062867,-3.4082504316756967,7.973697333533219,-28.70915857154334,-43.86678119772114,260.14246395789087,-111.92887905053794,372.0713430084288,82.89743575601217,2.0574968876119053,-3.413806834942079,7.973697908580381,-28.6122587322797,-43.71872091724072,259.26443049684167,-111.55109677929431,370.815527276136,82.61764024838867,2.0574969088494384,-3.402284486583085,7.97369793907749,-28.627539931081767,-43.74207037471933,259.40288469428197,-111.61067050124984,371.0135551955318,82.66176195725183,2.0574968440925385,-3.404101545129379,7.973697585242496,88.92363348422805,56.78266825270839,357.8198084142059,-94.94087134953588,452.7606797637418,134.76429001501654,0.6027773319244556,9.100925439270213,2.308232559517169
Fam,-159.3138927266689,-178.80663654068485,-1.0189392014581244,-269.62891570292413,268.609976501466,89.3455288885435,0.26229993067234864,-16.072612167590705,1.5421673248552974,-159.3138927266689,-178.80663654068485,-1.0189392014581244,-269.62891570292413,268.609976501466,89.3455288885435,0.26229993067234864,-16.072612167590705,1.5421673248552974,-175.0652732320864,-190.1484574773349,-45.28392310021445,-255.50503050908446,210.22110740887,68.48762966245796,0.5604174621489622,-17.40918263385538,1.8931008399627716,-175.90063614009594,-191.0557912196964,-45.50000448944047,-256.7242190707475,211.22421458130702,68.8144340295851,0.5604174445403137,-17.49225441017188,1.8931007910102589,-176.18740191839885,-191.36726768920198,-45.574179239338264,-257.1427612565458,211.56858201720752,68.9266202284917,0.56041748347789,-17.520771521958522,1.8931008754085443,-175.5927318859344,-190.7213663798757,-45.42035821941681,-256.2748559284955,210.85449770907871,68.69397809833933,0.5604174806506649,-17.461635201470926,1.8931007929879147,-175.6865107941289,-190.82322069152724,-45.4446162621025,-256.4117166912183,210.96710042911582,68.73066550471853,0.5604174677044577,-17.470960941864178,1.8931008248423724,-159.3138927266689,-178.80663654068485,-1.0189392014581244,-269.62891570292413,268.609976501466,89.3455288885435,0.26229993067234864,-16.072612167590705,1.5421673248552974
Fam,-184.68414614639747,-198.60390602843836,58.97261871723458,-391.8547590728849,450.8273777901195,136.4586480099665,0.2881414486728598,-18.597613536257995,1.9624129306793265,-184.68414614639747,-198.60390602843836,58.97261871723458,-391.8547590728849,450.8273777901195,136.4586480099665,0.2881414486728598,-18.597613536257995,1.9624129306793265,-87.71521131096121,-95.35433127894066,55.88346903095953,-206.49305952247232,262.37652855343185,68.18492323893314,0.5628823995365418,-8.315919170854613,3.1221460404441173,-88.13376385100688,-95.80933328834362,56.15012923954055,-207.47838425450027,263.6285134940408,68.51028236969236,0.5628823760011705,-8.35560041014105,3.1221460873458,-88.27744596391523,-95.9655299084261,56.241671700263396,-207.81664352398366,264.05831522424705,68.62197376308073,0.5628823131014803,-8.369222297915258,3.1221461653385205,-87.97949102210204,-95.64162974129431,56.05184196610935,-207.11521210614592,263.16705407225527,68.39035981582559,0.5628823351600428,-8.340974440216087,3.1221460712192477,-88.02647803699634,-95.69270605425118,56.081777984218206,-207.22582485177554,263.30760283599375,68.42688479688296,0.562882355949809,-8.345429079781752,3.1221460910869214,-184.68414614639747,-198.60390602843836,58.97261871723458,-391.8547590728849,450.8273777901195,136.4586480099665,0.2881414486728598,-18.597613536257995,1.9624129306793265
Unf,-110.45580593487942,-98.45844761002809,14.292671949078795,-253.2632788643241,267.5559508134029,76.91526525191135,-0.11263312755315524,-11.009462603396969,1.8488112608683451,-110.45580593487942,-98.45844761002809,14.292671949078795,-253.2632788643241,267.5559508134029,76.91526525191135,-0.11263312755315524,-11.009462603396969,1.8488112608683451,-19.85527361424689,-21.894786186749116,147.11670519318432,-172.29438526555896,319.4110904587433,85.19386678671104,0.28378245775286415,-1.9003789384441916,2.7092053782725465,-19.95001754879083,-21.999261662131175,147.81870413571596,-173.116524820216,320.93522895593196,85.60038655412691,0.2837824571338329,-1.909447029902367,2.7092053684864705,-19.98254027477322,-22.03512667620089,148.05969840381294,-173.39874466415495,321.4584430679679,85.73993990844363,0.28378253571820095,-1.912559823722404,2.7092054140915565,-19.915096083003355,-21.96075365645811,147.55995653104037,-172.8134957375005,320.37345226854086,85.45055046388413,0.2837824943779582,-1.906104644149309,2.709205423404564,-19.925731880203575,-21.972482045384822,147.6387660659384,-172.9057876218576,320.544553687796,85.49618592829142,0.283782486245714,-1.9071226090545679,2.7092053960637843,-110.45580593487942,-98.45844761002809,14.292671949078795,-253.2632788643241,267.5559508134029,76.91526525191135,-0.11263312755315524,-11.009462603396969,1.8488112608683451
Unf,-129.225600447241,-77.31089135631919,-2.5749384349182947,-303.8829891011119,301.3080506661936,103.2098307160102,-0.41769857473198374,-13.068965026377555,1.5397081134374317,-129.225600447241,-77.31089135631919,-2.5749384349182947,-303.8829891011119,301.3080506661936,103.2098307160102,-0.41769857473198374,-13.068965026377555,1.5397081134374317,-180.0186694079177,-180.2371843950823,-24.915671019698493,-287.9647945519537,263.0491235322552,65.63959036790995,0.4981258001919778,-18.536279207182815,3.1049636364276276,-180.8776670748977,-181.09722441295162,-25.034561986103654,-289.33887369930744,264.3043117132038,65.95280428401466,0.498125813434222,-18.62472904031165,3.104963496879085,-181.17254603566835,-181.39246094506234,-25.075374651351012,-289.8105594795197,264.7351848281687,66.06032382338135,0.49812589951471964,-18.655092328117462,3.1049635150390644,-180.5610510508324,-180.78021821565926,-24.99074071238283,-288.83240884169936,263.84166812931653,65.83735687206617,0.498125802200899,-18.592127515148604,3.104963606015657,-180.65748339232903,-180.87677199218888,-25.004087092383998,-288.98665914312005,263.98257205073605,65.87251883684303,0.49812582883545464,-18.602057022690133,3.1049635635903585,-129.225600447241,-77.31089135631919,-2.5749384349182947,-303.8829891011119,301.3080506661936,103.2098307160102,-0.41769857473198374,-13.068965026377555,1.5397081134374317
Fam,19.38711476703667,51.97589052841067,184.64625463820994,-240.1712554274127,424.8175100656226,111.33784913183747,-0.816127908042982,2.375364663748769,3.2889056525866236,19.38711476703667,51.97589052841067,184.64625463820994,-240.1712554274127,424.8175100656226,111.33784913183747,-0.816127908042982,2.375364663748769,3.2889056525866236,-16.344814971839348,-14.956385257391958,174.97397493571043,-227.59042622055858,402.564401156269,111.1420951200935,-0.19888765345990242,-1.6078568296507,2.326077688037315,-16.422807675553486,-15.027752851892728,175.8089056238532,-228.67642110213637,404.4853267259896,111.67243471418901,-0.19888763777412743,-1.615529054106446,2.326077722732619,-16.449581310623145,-15.052252365421737,176.09552014619112,-229.0492266183719,405.144746764563,111.85449188151428,-0.19888765386308754,-1.6181628125195857,2.3260776989611607,-16.3940607168255,-15.00144753663335,175.5011617206037,-228.2761415699497,403.7773032905534,111.47695895246015,-0.19888765653525498,-1.6127011949720327,2.326077704014434,-16.40281616871037,-15.009459502834943,175.59489060658962,-228.39805387775414,403.99294448434375,111.53649516706423,-0.19888765040809311,-1.6135624728121911,2.326077703436382,19.38711476703667,51.97589052841067,184.64625463820994,-240.1712554274127,424.8175100656226,111.33784913183747,-0.816127908042982,2.375364663748769,3.2889056525866236
Unf,-137.60698871360196,-150.98214498721063,49.8898807563819,-225.47823027707636,275.36811103345826,62.539745615076235,1.3706365453471259,-14.14632925298065,5.2086471267729895,-137.60698871360196,-150.98214498721063,49.8898807563819,-225.47823027707636,275.36811103345826,62.539745615076235,1.3706365453471259,-14.14632925298065,5.2086471267729895,-78.62094354585189,-106.36819206411019,92.57219062419608,-178.99162776302546,271.56381838722154,80.46665712934076,0.8647107788476909,-7.57975676242495,2.6178463402048973,-78.99610078801253,-106.8757483153604,93.01391401095316,-179.845723323524,272.85963733447716,80.85062140351033,0.8647107529402644,-7.615925218487973,2.617846270741478,-79.124885325235,-107.04998567234725,93.16555224359035,-180.13892986346036,273.3044821070507,80.98242994956429,0.8647107274962302,-7.6283412126940675,2.6178463119430604,-78.85782231544279,-106.68866889318451,92.85109990742058,-179.53092174138874,272.3820216488093,80.70909653854999,0.8647107644664469,-7.602593974297633,2.6178463243021084,-78.89993799363555,-106.74564873625059,92.90068919654004,-179.62680067284964,272.5274898693897,80.75220125524135,0.8647107559376581,-7.606654291976156,2.617846311797886,-137.60698871360196,-150.98214498721063,49.8898807563819,-225.47823027707636,275.36811103345826,62.539745615076235,1.3706365453471259,-14.14632925298065,5.2086471267729895
Fam,180.63668662412405,185.16423733672127,301.2220258824527,11.076578630309086,290.14544725214364,63.05101534898346,-0.4388665143815735,18.280065260114498,3.8735683748732135,180.63668662412405,185.16423733672127,301.2220258824527,11.076578630309086,290.14544725214364,63.05101534898346,-0.4388665143815735,18.280065260114498,3.8735683748732135,193.91628946043335,194.55832079984248,285.44318047352135,97.93478966457769,187.50839080894366,44.17382638103147,-0.2740229104695874,19.433398760156706,3.4953156937677337,194.8416043328157,195.4866966116242,286.8052397388965,98.40210259426385,188.40313714463264,44.38461438532231,-0.2740227758298499,19.526129588484764,3.495315366198982,195.15924913531097,195.80539083108306,287.2728218790144,98.56253018369898,188.7102916953154,44.45697179653398,-0.2740227141213009,19.557962485123426,3.495315797697066,194.50054577856253,195.14450832502916,286.30319866351783,98.22985884966329,188.07333981385455,44.30692234782134,-0.27402267794092516,19.49195028282702,3.4953153321396777,194.60442217678064,195.24872914189473,286.4561101887375,98.28232032305095,188.17378986568656,44.33058372767728,-0.2740227695904158,19.50236027914798,3.495315547450865,180.63668662412405,185.16423733672127,301.2220258824527,11.076578630309086,290.14544725214364,63.05101534898346,-0.4388665143815735,18.280065260114498,3.8735683748732135
Fam,115.77087018220202,99.2615896393545,272.12570421397686,-20.581586795742624,292.7072910097195,89.03741921623798,0.4608183223014273,11.453990467998665,2.049170015489399,115.77087018220202,99.2615896393545,272.12570421397686,-20.581586795742624,292.7072910097195,89.03741921623798,0.4608183223014273,11.453990467998665,2.049170015489399,170.4748829070013,169.5409373496659,257.87102640606463,38.27869295491837,219.59233345114626,63.67014225239376,-0.3671679709969033,16.967579838819802,2.2407108246741005,171.2883394457794,170.34993652487174,259.1015072539449,38.46134859486483,220.64015865908004,63.97395756550444,-0.3671679584551465,17.048544192221016,2.240710804261447,171.5675890199446,170.62765982700512,259.5239202491939,38.52405279758386,220.99986745161004,64.0782544308303,-0.36716796287576,17.076338233891875,2.2407107281801015,170.98851206425863,170.05175322992727,258.64795316010714,38.39402415906079,220.25392900104634,63.86197612209068,-0.3671680148754166,17.018701968481764,2.240710772794591,171.079830859246,170.1425717328675,258.78610176732764,38.414529626606964,220.37157214072067,63.89608259270479,-0.3671679768008066,17.027791058353614,2.24071078247756,115.77087018220202,99.2615896393545,272.12570421397686,-20.581586795742624,292.7072910097195,89.03741921623798,0.4608183223014273,11.453990467998665,2.049170015489399
Fam,149.34276189775957,103.88962982688099,409.9486395716667,56.52486652252264,353.4237730491441,107.90344790545406,1.364328266213667,15.160395909333602,3.6535599007932267,149.34276189775957,103.88962982688099,409.9486395716667,56.52486652252264,353.4237730491441,107.90344790545406,1.364328266213667,15.160395909333602,3.6535599007932267,192.2136462571171,200.4021080210805,388.4744073729962,26.734109269455075,361.74029810354114,90.39859905391829,0.3768633646429953,19.36355742509477,2.939387014240036,193.1308333951165,201.35836530243978,390.3280885424465,26.86167681531515,363.46641172713134,90.82995408710691,0.3768633137287045,19.455954658042174,2.9393868694553666,193.4456932548738,201.6866419580765,390.964443795383,26.905468985205516,364.05897481017746,90.97803366637012,0.37686329150243403,19.487673562252894,2.9393869330861753,192.79277162590566,201.00591063965112,389.6448470186442,26.814657758222893,362.8301892604213,90.67096290684881,0.3768633281038743,19.421898381551728,2.9393868738145987,192.89573613325325,201.11325648031197,389.8529466823675,26.82897820704966,363.0239684753178,90.71938742856102,0.37686332449450205,19.43227100673539,2.939386922649044,149.34276189775957,103.88962982688099,409.9486395716667,56.52486652252264,353.4237730491441,107.90344790545406,1.364328266213667,15.160395909333602,3.6535599007932267
Unf,-17.494575878082777,-4.041569638957299,126.43246736843139,-210.55919933132827,336.99166669975966,110.95929430652441,-0.25451764124687576,-1.1976820592281001,1.5025868483563445,-17.494575878082777,-4.041569638957299,126.43246736843139,-210.55919933132827,336.99166669975966,110.95929430652441,-0.25451764124687576,-1.1976820592281001,1.5025868483563445,-24.75116018383862,-25.850551537587307,105.83631228655577,-151.04566409718245,256.8819763837382,79.69486798801911,0.22821736148753924,-2.283627742144745,2.002563534128601,-24.869265626665975,-25.973903575504664,106.34132922859862,-151.76640590652823,258.10773513512686,80.07514954015322,0.22821736152715427,-2.2945245473238174,2.002563520318137,-24.909808276928604,-26.01624782982981,106.51470074662939,-152.01383212115616,258.52853286778554,80.20569300531689,0.22821740311334604,-2.2982651516940678,2.0025635565522686,-24.82573360724088,-25.928437935363036,106.15518840495497,-151.50074614211917,257.65593454707414,79.93498224785156,0.22821738724472854,-2.290508145961212,2.002563519923879,-24.83899192366852,-25.942285219571204,106.21188266668469,-151.5816620667465,257.7935447334312,79.9776731953352,0.22821737834319203,-2.2917313967809605,2.0025635327307216,-17.494575878082777,-4.041569638957299,126.43246736843139,-210.55919933132827,336.99166669975966,110.95929430652441,-0.25451764124687576,-1.1976820592281001,1.5025868483563445
Unf,-116.5703321511011,-113.19797340547666,20.614368622773327,-271.8882169574499,292.50258558022324,83.06260792058052,-0.1330215225128034,-11.766762338083936,2.1530973381682803,-116.5703321511011,-113.19797340547666,20.614368622773327,-271.8882169574499,292.50258558022324,83.06260792058052,-0.1330215225128034,-11.766762338083936,2.1530973381682803,-97.23517380804809,-96.08823893358931,-19.71695564861875,-212.06254314165562,192.34558749303687,50.736309990720216,-0.5766343023689705,-9.709995261800941,2.832619778218983,-97.69915274004094,-96.5467443165835,-19.811039237538353,-213.07443967089057,193.26340043335222,50.978410086664425,-0.5766342893605529,-9.75632862537168,2.832619713109253,-97.8584295388338,-96.70414510765113,-19.84333539439831,-213.42182299122214,193.57848759682383,51.06152036304356,-0.5766344110997994,-9.772234167030547,2.8326199434354122,-97.52813674332664,-96.37774564907886,-19.77636020455975,-212.70147408358753,192.92511387902778,50.88917604929696,-0.5766343489141358,-9.739250810525846,2.83261988106434,-97.58022320756237,-96.4292185017257,-19.78692262127879,-212.81506997183897,193.02814735056018,50.916354122431294,-0.5766343379358646,-9.744452216182253,2.8326198289569975,-116.5703321511011,-113.19797340547666,20.614368622773327,-271.8882169574499,292.50258558022324,83.06260792058052,-0.1330215225128034,-11.766762338083936,2.1530973381682803
Unf,207.28088768989366,172.85811190959066,547.007832210511,-22.197125872480683,569.2049580829917,167.1154330163267,0.4399217208668485,21.11797665565973,2.163473416389116,-105.28165919892602,-87.79771815170534,11.274315511400346,-277.83503173850477,289.1093472499051,84.88090948291688,-0.43992178104192986,-10.726196918767528,2.16347352368231,-62.54880211669773,-24.650291379657574,77.20133726252243,-263.28128296881914,340.48262023134157,103.14413211614593,-0.5881668269217184,-6.348472234094515,1.9357043248095072,-62.847266340563344,-24.767915419943165,77.56971899652854,-264.5375789143145,342.10729791084304,103.63630523858279,-0.5881668053826222,-6.3787652434257325,1.9357042625863732,-62.949725081405354,-24.80829516571248,77.69618241582066,-264.9688394740224,342.66502188984305,103.80526154998009,-0.588166790969211,-6.389164416759741,1.935704229594226,-62.737257359493434,-24.724561626499053,77.43394235149026,-264.0745369717479,341.50847932323813,103.45489937904536,-0.5881668452653954,-6.367599733493989,1.935704364499033,-62.77076272453996,-24.737765897953068,77.47529525659047,-264.215559582226,341.69085483881645,103.51014957093854,-0.5881668171347367,-6.3710004069434945,1.9357042953722847,50.99961424548382,42.53019687894266,279.14107386095566,-150.01607880549273,429.1571526664484,125.99817124962179,-3.008754068112296e-08,5.195889868446102,2.163473470035713
Unf,-103.75460295528264,-123.29152741585858,98.97453128360212,-220.05852952133864,319.03306080494076,93.90090189885724,0.6950201399003738,-10.671538017049897,2.264360680546606,-103.75460295528264,-123.29152741585858,98.97453128360212,-220.05852952133864,319.03306080494076,93.90090189885724,0.6950201399003738,-10.671538017049897,2.264360680546606,-17.135017969849287,20.50244074780494,116.77166912704706,-208.5312589770183,325.30292810406536,96.55587741876435,-0.8120498288845351,-1.5698288480052724,2.4058282659146655,-17.21678236558196,20.60027327388525,117.32886923709884,-209.52631894033402,326.85518817743286,97.01661669615133,-0.8120498453710305,-1.577319724674453,2.405828298206732,-17.244851348480623,20.633856365748215,117.52014688681811,-209.8679105984047,327.3880574852228,97.17478097517562,-0.8120498537664177,-1.5798912645550445,2.405828292798105,-17.18664583012679,20.564212718454655,117.12349078152329,-209.15955246891826,326.28304325044155,96.84679440786945,-0.8120498546816899,-1.5745587597848498,2.405828280794895,-17.195824378509666,20.575195776473265,117.18604400812183,-209.27126024616882,326.45730425429065,96.89851737449018,-0.8120498456759183,-1.575399649254905,2.4058282844285994,-103.75460295528264,-123.29152741585858,98.97453128360212,-220.05852952133864,319.03306080494076,93.90090189885724,0.6950201399003738,-10.671538017049897,2.264360680546606
Fam,-64.93905171877347,-160.62325448729098,305.1815147046,-272.0556512940675,577.2371659986675,184.20788970383597,0.760174101889277,-6.971160386456177,2.1791573710651355,32.98370172790153,81.58341734088026,138.18191655445844,-155.00713197980076,293.1890485342592,93.56247186519772,-0.7601741091759716,3.540776600857498,2.179157400490201,-25.709852191259696,-37.58942875720095,128.88609489891678,-146.8874397687614,275.7735346676782,76.90866917008675,0.5339678621831436,-2.3285804099941743,2.4840905073616817,-25.832533293186525,-37.7687956643058,129.50110249221325,-147.5883473176509,277.08944980986416,77.27565651505472,0.5339678377074516,-2.3396918368234765,2.48409048669132,-25.874646041756932,-37.830368455615826,129.71223623026162,-147.82894868403673,277.54118491429836,77.40163654606972,0.5339679119179199,-2.343506046145194,2.48409057353955,-25.787314346923896,-37.70268267544452,129.27442730870098,-147.3299926146865,276.60441992338747,77.14039027693624,0.533967895766335,-2.335596274178897,2.4840904971128923,-25.80108646828176,-37.722818888141774,129.34346523252316,-147.40868209628388,276.75214732880704,77.18158812703686,0.5339678768937125,-2.3368436417854355,2.4840905161763613,-15.977674995435969,-39.51991857320536,221.6817156295292,-213.53139163693413,435.21310726646334,138.88518078451685,-3.643347290527288e-09,-1.7151918927993393,2.1791573857776685
Fam,129.5113687284846,121.7504104715772,242.86523694172502,54.68416566145606,188.18107128026895,58.38681274459637,0.4412371808132669,12.885175834526308,2.051962713395368,129.5113687284846,121.7504104715772,242.86523694172502,54.68416566145606,188.18107128026895,58.38681274459637,0.4412371808132669,12.885175834526308,2.051962713395368,149.04369597318762,151.07378567336127,241.4243353996426,52.641466027125716,188.78286937251687,53.644159902299734,-0.1402076637830192,14.95233879541047,2.1671525646004755,149.75489074668775,151.79466572590172,242.57635232061148,52.89265754981898,189.6836947707925,53.90013513498719,-0.14020769803716526,15.023687155917287,2.1671525476801468,149.99903144668608,152.04212832031772,242.97181516885757,52.978884923504665,189.9929302453529,53.988006852452514,-0.14020768080821697,15.048179819132201,2.1671525495640855,149.49275324537527,151.52895502978936,242.15174198616296,52.800070989178494,189.35167099698447,53.80578645275995,-0.14020764467593433,14.997389036579989,2.1671526717881724,149.5725928529842,151.60988368734252,242.28106121881865,52.82826987240696,189.4527913464117,53.83452208562485,-0.14020767182608396,15.005398701759987,2.16715258340822,129.5113687284846,121.7504104715772,242.86523694172502,54.68416566145606,188.18107128026895,58.38681274459637,0.4412371808132669,12.885175834526308,2.051962713395368
Unf,-383.85042381168415,-386.2205921905115,-231.38713731896132,-476.11689660698175,244.72975928802043,64.5436040592733,0.7988034009666923,-38.11970824608579,3.2950438267460607,-383.85042381168415,-386.2205921905115,-231.38713731896132,-476.11689660698175,244.72975928802043,64.5436040592733,0.7988034009666923,-38.11970824608579,3.2950438267460607,-337.169238124401,-358.8735416997224,-138.16585124004632,-451.176572823897,313.0107215838507,87.63933139856319,0.6676035423093251,-34.033849282423034,2.5576628961964727,-338.7781169014768,-360.58598197996616,-138.8251403113827,-453.32947047427297,314.50433016289026,88.05752174517417,0.6676035819014235,-34.1962494130712,2.557662941899854,-339.3304158145419,-361.1738502513617,-139.0514662489295,-454.06853314489126,315.01706689596176,88.20107921148325,0.6676035155654633,-34.251998469699174,2.5576628677296673,-338.185104528048,-359.954807208851,-138.5821378789842,-452.5359545368701,313.9538166578859,87.90338208878818,0.6676035344848377,-34.136390779167414,2.5576628095814176,-338.3657188421169,-360.1470452849753,-138.6561489198357,-452.77763274498284,314.12148382514715,87.9503286110022,0.6676035435652623,-34.154621986090206,2.557662878851853,-383.85042381168415,-386.2205921905115,-231.38713731896132,-476.11689660698175,244.72975928802043,64.5436040592733,0.7988034009666923,-38.11970824608579,3.2950438267460607
Unf,76.32530815289311,60.37864841346163,147.31459668837488,11.179300599906128,136.13529608846875,37.79012176243903,0.19675540597855926,7.713667520874878,1.939059601486876,76.32530815289311,60.37864841346163,147.31459668837488,11.179300599906128,136.13529608846875,37.79012176243903,0.19675540597855926,7.713667520874878,1.939059601486876,35.30493948416664,43.91747097542975,139.597847010009,-60.88533700676635,200.48318401677534,63.03543295073181,0.09261178653327652,3.5603749997790146,1.6298482111634116,35.47340451440015,44.12703128764406,140.2639754815027,-61.17586599430069,201.4398414758034,63.33622007772627,0.09261180380604915,3.5773640906882065,1.6298482545904749,35.531236475295515,44.19897049956489,140.49264427740127,-61.275597545318305,201.76824182271957,63.43947569443844,0.09261182814464713,3.5831962331940304,1.6298482613444332,35.41131147463042,44.04978972161189,140.0184555677697,-61.06877845013514,201.08723401790485,63.225354600962014,0.09261180710112739,3.571102230125689,1.6298482152433231,35.43022298712318,44.07331562106265,140.09323058417067,-61.10139474913012,201.1946253333008,63.25912083096463,0.09261180639627505,3.573009388446735,1.6298482355854107,76.32530815289311,60.37864841346163,147.31459668837488,11.179300599906128,136.13529608846875,37.79012176243903,0.19675540597855926,7.713667520874878,1.939059601486876
Fam,-122.17519640846429,-115.74061500141397,233.38664323091507,-513.6775434948504,747.0641867257655,200.41020593080088,-0.0751052993690874,-12.384144312818535,2.682309317054233,-122.17519640846429,-115.74061500141397,233.38664323091507,-513.6775434948504,747.0641867257655,200.41020593080088,-0.0751052993690874,-12.384144312818535,2.682309317054233,-30.670704413401275,-31.557551665173378,221.16121544968337,-228.81133190821856,449.97254735790193,123.59311822733929,0.4412993256073662,-2.9097856113367015,2.6150510401545075,-30.817056382987246,-31.70813579345122,222.21653489395976,-229.90316210780293,452.1196970017627,124.1828706711322,0.4412993164345276,-2.923670295785996,2.6150510200683734,-30.867296433056115,-31.759827834321186,222.57880482356995,-230.27796123642474,452.8567660599947,124.38532074586281,0.4412993429220808,-2.928436650108779,2.6150510363301165,-30.763112223352298,-31.652632060286123,221.82756219990551,-229.50072889216244,451.32829109206796,123.96549648579385,0.4412993754201936,-2.9185524999775225,2.6150511131869956,-30.779542363199234,-31.669536838307977,221.94602934177965,-229.62329603615217,451.5693253779318,124.03170153253204,0.441299340096042,-2.9201112643022498,2.6150510524349984,-122.17519640846429,-115.74061500141397,233.38664323091507,-513.6775434948504,747.0641867257655,200.41020593080088,-0.0751052993690874,-12.384144312818535,2.682309317054233
Fam,-68.15025547159446,-78.93925794633105,47.15316026704386,-159.03380699455738,206.18696726160124,56.03564366767307,0.4756345961509777,-6.653211488810484,2.5126337605041007,-68.15025547159446,-78.93925794633105,47.15316026704386,-159.03380699455738,206.18696726160124,56.03564366767307,0.4756345961509777,-6.653211488810484,2.5126337605041007,-129.64865072717657,-129.60996537003666,44.683147280011326,-254.11046226508915,298.7936095451005,84.2460921580341,0.3387645612665937,-12.816566340916324,2.4600302450354867,-130.26729615935787,-130.22842176724225,44.89636194193736,-255.3229860495776,300.21934799151495,84.64808877461977,0.3387646326698362,-12.877723238489125,2.460030262839271,-130.47966750981197,-130.44073421042413,44.969554437557235,-255.7392290327698,300.70878347032703,84.7860883904902,0.33876462738194013,-12.898717446660157,2.4600302280356523,-130.03927233512513,-130.0004732911475,44.81777432374656,-254.876067629084,299.69384195283055,84.49991773050198,0.3387646321874788,-12.855181703343987,2.4600302928005893,-130.1087216828679,-130.06989865971263,44.84170949581312,-255.01218624413013,299.85389573994325,84.5450467634115,0.3387646133764622,-12.862047182352399,2.46003025717775,-68.15025547159446,-78.93925794633105,47.15316026704386,-159.03380699455738,206.18696726160124,56.03564366767307,0.4756345961509777,-6.653211488810484,2.5126337605041007
Unf,-231.69023972094203,-220.9561862400733,-107.82117897178978,-459.9937819875777,352.1726030157879,81.74648697338414,-1.0138142715625909,-22.654891363345087,4.177304500504848,-231.69023972094203,-220.9561862400733,-107.82117897178978,-459.9937819875777,352.1726030157879,81.74648697338414,-1.0138142715625909,-22.654891363345087,4.177304500504848,-209.91000229304728,-209.3818984576501,-102.17320959782228,-307.3051921091974,205.1319825113751,58.005854588992435,0.08520463828828054,-21.00019477074966,2.0989870633221166,-210.91163188639956,-210.3810038533993,-102.66075696563348,-308.77155950292945,206.11080253729597,58.28263957983512,0.08520467544619467,-21.10040158731863,2.0989870341027994,-211.25547629288542,-210.7239852193743,-102.82811854267493,-309.2749393545091,206.4468208118342,58.37765693375707,0.08520470509179426,-21.13480109255761,2.098986964184604,-210.54244699861067,-210.01275308663025,-102.48105536447838,-308.23107226751745,205.75001690303907,58.18062197530538,0.08520466134631136,-21.063466934720054,2.0989868868876855,-210.65488936773573,-210.1249101542635,-102.53578511765227,-308.39569080853835,205.85990569088608,58.2116932694725,0.08520467004314519,-21.074716096336488,2.0989869871243014,-231.69023972094203,-220.9561862400733,-107.82117897178978,-459.9937819875777,352.1726030157879,81.74648697338414,-1.0138142715625909,-22.654891363345087,4.177304500504848
Fam,-57.412682832154346,-54.35820696675364,214.37706891447306,-295.7808319479227,510.15790086239576,176.62074654466184,0.1309492304729456,-5.720960853977886,1.3361405083796078,29.16092486989678,27.609503035819216,150.23235755506903,-108.88593533309177,259.1182928881608,89.70882612232862,-0.13094924166248187,2.905777987507463,1.3361404971207242,104.42580598744546,103.18074419046752,209.26058641634881,-16.544392565265298,225.8049789816141,49.12401329204546,-0.2177242384310659,10.862823324714554,3.8826855480674674,104.92409784581888,103.67309369030409,210.25912428740412,-16.623336705379188,226.8824609927833,49.358420080766436,-0.21772419364942086,10.914657792454818,3.882685472328064,105.09515155158275,103.84211054770276,210.6018946506083,-16.650437828502618,227.25233247911092,49.43888646821911,-0.21772432401640282,10.932451539702015,3.8826854909784196,104.7404332264425,103.49162039346993,209.89107724744827,-16.59424015088007,226.48531739832833,49.27202036603494,-0.21772424042644598,10.895552211877657,3.8826856633598195,104.7963721528224,103.54689220548607,210.00317065045238,-16.603101812506793,226.60627246295917,49.298335051766486,-0.2177242491308339,10.901371217187261,3.8826855436834427,-14.125878981128784,-13.374351965467213,182.30471323477104,-202.33338364050724,384.6380968752783,133.16478633349521,-5.594768134886685e-09,-1.4075914332352113,1.336140502750166
Unf,-179.41499950561243,-152.52003504429013,-105.04445526748896,-322.8012064937502,217.75675122626126,63.285527809041675,-1.0288121125740595,-17.92940535233356,2.992061683863667,-179.41499950561243,-152.52003504429013,-105.04445526748896,-322.8012064937502,217.75675122626126,63.285527809041675,-1.0288121125740595,-17.92940535233356,2.992061683863667,-166.54184289039293,-165.3882718528621,-33.30488834762946,-305.89199741370976,272.5871090660803,74.79681296787385,0.0057930229220455424,-17.004285647999495,2.4487349421731968,-167.3365333352614,-166.17745131952688,-33.46380981383845,-307.35161271877587,273.8878029049374,75.15372173159808,0.005793032958357633,-17.085425279219635,2.4487348333048837,-167.60933795012534,-166.4483643253334,-33.5183649440296,-307.85269336774945,274.33432842371985,75.27624465142434,0.005792932415777797,-17.11327922384953,2.4487349730424968,-167.04362133168615,-165.88656581006944,-33.40523471706547,-306.81362841278315,273.4083936957177,75.0221718871294,0.005792936935423234,-17.05551832128549,2.4487349700108276,-167.13283387686647,-165.97516332694795,-33.423074455640744,-306.97748297825456,273.5544085226138,75.06223780950641,0.005792981307901052,-17.064627118088538,2.448734929632851,-179.41499950561243,-152.52003504429013,-105.04445526748896,-322.8012064937502,217.75675122626126,63.285527809041675,-1.0288121125740595,-17.92940535233356,2.992061683863667
Fam,21.18432524320304,3.564653979992727,281.664717476815,-138.4318311465904,420.0965486234054,115.98698678647658,0.9856514448798444,1.7177080438273151,3.4217910222354364,21.18432524320304,3.564653979992727,281.664717476815,-138.4318311465904,420.0965486234054,115.98698678647658,0.9856514448798444,1.7177080438273151,3.4217910222354364,-138.7598287950508,-120.85264097549953,10.003386705648154,-308.07737493887544,318.0807616445236,113.3132382332867,-0.15634162238490565,-13.887168599239885,1.3663790381574876,-139.42195390042727,-121.42931154812686,10.051119716081303,-309.5474385190755,319.5985582351568,113.85394041360644,-0.15634165825378352,-13.953434443465085,1.3663790390391999,-139.649248622548,-121.62727944087237,10.067506082123145,-310.0520989391953,320.1196050213184,114.03955151739397,-0.15634164590477853,-13.97618225178121,1.3663790891174727,-139.17790438711108,-121.21675536036491,10.033526450570207,-309.0056125074625,319.0391389580327,113.65464527598893,-0.15634163519357175,-13.929009847856832,1.3663790436817798,-139.2522339262843,-121.28149683121592,10.038884738605702,-309.1706312261522,319.2095159647579,113.71534386006901,-0.15634164043425985,-13.936448785585753,1.366379052498985,21.18432524320304,3.564653979992727,281.664717476815,-138.4318311465904,420.0965486234054,115.98698678647658,0.9856514448798444,1.7177080438273151,3.4217910222354364
Fam,121.31430821682443,116.41021774266846,256.0366701800376,-53.15736052580178,309.1940307058394,80.3887619447654,-0.3255232231689869,12.296639670239529,2.6297711876416194,121.31430821682443,116.41021774266846,256.0366701800376,-53.15736052580178,309.1940307058394,80.3887619447654,-0.3255232231689869,12.296639670239529,2.6297711876416194,152.29057922064945,145.67511971108615,353.79393375478685,-50.372833356959745,404.1667671117466,109.13931387937608,0.18546028583705698,15.231378038151888,2.1439303868324187,153.01727029719376,146.3702428736724,355.4821596480906,-50.6131982547231,406.0953579028137,109.66010107009468,0.1854603984219684,15.304058188121417,2.143930495092024,153.26672750094215,146.60886517958716,356.0616751201451,-50.69571125204675,406.75738637219183,109.83887329139237,0.18546031293272552,15.329007732361788,2.1439303812475066,152.74941957753842,146.11402730224654,354.8598906490952,-50.524602556834,405.3844932059292,109.46814336786997,0.18546033151082608,15.277269059879472,2.1439304464480564,152.83099914908095,146.19206376664806,355.0494147930294,-50.5515863551409,405.6010011481703,109.52660790218327,0.18546033217564423,15.285428254628641,2.1439304274050013,121.31430821682443,116.41021774266846,256.0366701800376,-53.15736052580178,309.1940307058394,80.3887619447654,-0.3255232231689869,12.296639670239529,2.6297711876416194
Fam,-127.9127818983957,-126.51678844122216,-7.229370567074511,-279.71973759122193,272.4903670241474,74.79036630529718,-0.2847962327400796,-12.72111138314358,2.123233838530016,-127.9127818983957,-126.51678844122216,-7.229370567074511,-279.71973759122193,272.4903670241474,74.79036630529718,-0.2847962327400796,-12.72111138314358,2.123233838530016,-118.74017952952552,-111.19007467641495,35.2085153281223,-298.8755877595395,334.0841030876618,93.99038841456957,-0.3044537212046119,-11.620525423495565,1.9625639231255987,-119.30677431757012,-111.72064114362001,35.376520827412605,-300.30173365958035,335.67825448699296,94.43888386041507,-0.3044536997308411,-11.675975294565433,1.9625638845777376,-119.50127581118207,-111.90278019057587,35.43419370544143,-300.7913182955235,336.22551200096495,94.59284376818863,-0.30445370733727534,-11.695010251060012,1.9625639584334797,-119.09793434264989,-111.5250815928448,35.3145987901371,-299.7760893777013,335.0906881678384,94.27357346311818,-0.3044537013417373,-11.655537175101927,1.9625640007897633,-119.16154100023189,-111.58464440086391,35.33345716277836,-299.93618227308616,335.2696394358645,94.32392237657285,-0.30445370740361644,-11.661762036055734,1.9625639417316447,-127.9127818983957,-126.51678844122216,-7.229370567074511,-279.71973759122193,272.4903670241474,74.79036630529718,-0.2847962327400796,-12.72111138314358,2.123233838530016
Fam,-8.722970868837784,-14.646392173744971,110.18796067219228,-116.87130609061569,227.05926676280797,58.77643469547647,0.39012258153433305,-1.0938892278318235,2.934090055798966,-8.722970868837784,-14.646392173744971,110.18796067219228,-116.87130609061569,227.05926676280797,58.77643469547647,0.39012258153433305,-1.0938892278318235,2.934090055798966,4.975662595650367,-11.684591299854219,145.72152576874942,-110.74926442233846,256.4707901910879,65.80509008583026,0.4005883008413212,0.6202898471201479,2.7747328047822464,4.999404438876809,-11.740346963051707,146.4168744860217,-111.27773177577183,257.6946062617935,66.11909363929587,0.4005883016127431,0.6232496311895375,2.7747329238195566,5.007555002451297,-11.759486824303167,146.6555695515126,-111.45914322696626,258.11471277847886,66.2268860180061,0.40058831809200013,0.6242657209440949,2.774732880788694,4.990653687505423,-11.719796020770445,146.16057160310447,-111.08294711448252,257.243518717587,66.00335611615112,0.40058830255932387,0.6221587163963704,2.774732872438959,4.9933189311209745,-11.726055276994884,146.23863535234705,-111.14227163488977,257.3809069872368,66.03860646482083,0.4005883057763471,0.6224909789125377,2.7747328704573637,-8.722970868837784,-14.646392173744971,110.18796067219228,-116.87130609061569,227.05926676280797,58.77643469547647,0.39012258153433305,-1.0938892278318235,2.934090055798966
Fam,223.92976377607107,212.74748723953962,387.90886173956096,112.42453183513135,275.4843299044296,75.48300733046827,0.7124777636442284,22.00784394517541,2.756353193243144,223.92976377607107,212.74748723953962,387.90886173956096,112.42453183513135,275.4843299044296,75.48300733046827,0.7124777636442284,22.00784394517541,2.756353193243144,271.78531085015635,267.8479941096157,398.22442340664566,140.86515875533223,257.3592646513134,85.48348880269452,-0.024433232387176786,27.326388226356357,1.483981936134537,273.08219208722363,269.12608882412314,400.12464160099626,141.53732627164572,258.58731532935053,85.89139160161554,-0.024433166889516918,27.456781885121018,1.4839819870237956,273.527390023586,269.56484362017363,400.776945753023,141.7680614395067,259.0088843135163,86.03141791818615,-0.02443326935365655,27.50154386740178,1.4839819544712864,272.6041779029541,268.6549996724352,399.4242288172245,141.28956536296755,258.13466345425695,85.7410427792717,-0.0244332554586451,27.408720401581377,1.483981931906245,272.74976771598006,268.7984815565869,399.63755989447236,141.36502795736305,258.2725319371093,85.78683527544199,-0.024433231022248838,27.423358595115133,1.483981952383966,223.92976377607107,212.74748723953962,387.90886173956096,112.42453183513135,275.4843299044296,75.48300733046827,0.7124777636442284,22.00784394517541,2.756353193243144
Unf,-154.0576976052622,-166.3805524003692,11.697353329509497,-309.7554435953498,321.4527969248593,88.40698888071285,0.23010416606886316,-15.404312262035091,2.2556391417962036,-154.0576976052622,-166.3805524003692,11.697353329509497,-309.7554435953498,321.4527969248593,88.40698888071285,0.23010416606886316,-15.404312262035091,2.2556391417962036,-111.66331110136805,-95.7982956606429,11.08461401599925,-293.52959245443344,304.6142064704327,76.7955561443634,-0.933573177620118,-11.527024514180084,3.5690675494045707,-112.19613656976435,-96.2554186116904,11.137506589875557,-294.9302433989942,306.06774998886976,77.1620033017033,-0.9335732583392718,-11.582028188058757,3.5690678517153356,-112.37904783893799,-96.4123391895555,11.155663742101751,-295.4110677819699,306.56673152407166,77.28779918429852,-0.9335732255762733,-11.600910155721067,3.569067684942087,-111.99974630052075,-96.08692926121876,11.118010661448352,-294.41399965435266,305.532010315801,77.02693907087408,-0.933573323856655,-11.56175478718069,3.569067929256091,-112.05956045264779,-96.13824568077689,11.123948752356227,-294.57122582243755,305.6951745747938,77.06807442530982,-0.9335732463480795,-11.56792941128515,3.569067753829521,-154.0576976052622,-166.3805524003692,11.697353329509497,-309.7554435953498,321.4527969248593,88.40698888071285,0.23010416606886316,-15.404312262035091,2.2556391417962036
Unf,-191.98917799747926,-198.2551402761601,-15.720135706942528,-330.40906419046223,314.6889284835197,82.50358813927045,0.5018434458319099,-19.047787885938305,2.884236824745869,-191.98917799747926,-198.2551402761601,-15.720135706942528,-330.40906419046223,314.6889284835197,82.50358813927045,0.5018434458319099,-19.047787885938305,2.884236824745869,-188.69320027848656,-188.062600500416,-6.0458737607405055,-404.4006927870214,398.3548190262809,121.83127631870974,-0.060162705567515094,-19.176109549334797,1.8288345726736086,-189.59358960903324,-188.95998073276132,-6.074722932680743,-406.3303640577942,400.25564112511347,122.41262002727595,-0.06016270066422838,-19.26761240702035,1.8288345086494122,-189.90267924961628,-189.26803750218824,-6.084626420488348,-406.99279634281993,400.9081699223316,122.61218658320006,-0.06016271643374109,-19.299023889288947,1.8288345629803437,-189.26171833300032,-188.62922297557816,-6.064089575374965,-405.61912464909256,399.5550350737176,122.19834561120041,-0.06016275413563468,-19.233885685025598,1.8288346193642129,-189.36279686753412,-188.72996042773593,-6.06732817232114,-405.835744459182,399.7684162868609,122.26360713509654,-0.06016271920027982,-19.244157882667423,1.8288345659168943,-191.98917799747926,-198.2551402761601,-15.720135706942528,-330.40906419046223,314.6889284835197,82.50358813927045,0.5018434458319099,-19.047787885938305,2.884236824745869
Fam,-346.53871150042573,-334.99853452667594,-170.55074567906559,-497.32980551198125,326.77905983291566,77.18668127003207,-0.264787693173564,-35.14435625402257,3.118775721851247,-346.53871150042573,-334.99853452667594,-170.55074567906559,-497.32980551198125,326.77905983291566,77.18668127003207,-0.264787693173564,-35.14435625402257,3.118775721851247,-259.7474026865362,-260.88577578775585,-73.79608723567799,-471.2782974820584,397.4822102463804,121.97572889931696,-0.24125750063579535,-25.982024628319778,2.0086506667739563,-260.9868427568402,-262.1306630317122,-74.14822175633162,-473.5270922537893,399.3788704974577,122.55776068179537,-0.24125747498653208,-26.106003409950063,2.0086506457163145,-261.4123222883791,-262.5579945743084,-74.26910451613367,-474.29907135665417,400.0299668405205,122.75756314200339,-0.24125745281847746,-26.148563338210806,2.0086506138807434,-260.530002168917,-261.6718120407313,-74.0184259484522,-472.69821516238153,398.6797892139293,122.34323324871586,-0.24125754007217146,-26.060306568979286,2.0086506853120296,-260.6691424751681,-261.81156135862693,-74.05795986414887,-472.95066906372085,398.892709199572,122.4085714929579,-0.2412574921282441,-26.074224486364983,2.0086506529207613,-346.53871150042573,-334.99853452667594,-170.55074567906559,-497.32980551198125,326.77905983291566,77.18668127003207,-0.264787693173564,-35.14435625402257,3.118775721851247
Unf,-103.84776555838471,-121.87803076812997,221.72894387040287,-341.82402305305004,563.5529669234529,133.47267389806902,0.3965526977418901,-10.559977459706715,3.1055881538384664,-103.84776555838471,-121.87803076812997,221.72894387040287,-341.82402305305004,563.5529669234529,133.47267389806902,0.3965526977418901,-10.559977459706715,3.1055881538384664,-43.53878949377059,-57.24825859942939,235.88370822835714,-201.5575155382976,437.44122376665473,120.70897802843632,0.9303544914018375,-4.226889810524881,3.154477451915969,-43.74654374190028,-57.5214307900751,237.00928431935608,-202.51929527148604,439.5285795908421,121.28496819951022,0.9303545121648684,-4.247059287081356,3.1544775383348407,-43.817862888317904,-57.615206969785504,237.39566677249968,-202.84946367610246,440.24513044860214,121.48269633926847,0.930354479715145,-4.25398319021042,3.154477496842546,-43.66996881799423,-57.42074426962063,236.59440921619534,-202.1647960646078,438.75920528080314,121.072666444732,0.9303545045742465,-4.239625133777736,3.1544775026590437,-43.69329123549575,-57.451410157227656,236.72076713410206,-202.27276763762347,438.99353477172554,121.13732725298675,0.9303544969640243,-4.241889355398598,3.1544774974380996,-103.84776555838471,-121.87803076812997,221.72894387040287,-341.82402305305004,563.5529669234529,133.47267389806902,0.3965526977418901,-10.559977459706715,3.1055881538384664
