condition,Cz_mean,Cz_median,Cz_max,Cz_min,Cz_ptp,Cz_std,Cz_skew,Cz_auc,Cz_kurtosis,Pz_mean,Pz_median,Pz_max,Pz_min,Pz_ptp,Pz_std,Pz_skew,Pz_auc,Pz_kurtosis,P7_mean,P7_median,P7_max,P7_min,P7_ptp,P7_std,P7_skew,P7_auc,P7_kurtosis,P8_mean,P8_median,P8_max,P8_min,P8_ptp,P8_std,P8_skew,P8_auc,P8_kurtosis,O1_mean,O1_median,O1_max,O1_min,O1_ptp,O1_std,O1_skew,O1_auc,O1_kurtosis,O2_mean,O2_median,O2_max,O2_min,O2_ptp,O2_std,O2_skew,O2_auc,O2_kurtosis,N250avg_mean,N250avg_median,N250avg_max,N250avg_min,N250avg_ptp,N250avg_std,N250avg_skew,N250avg_auc,N250avg_kurtosis,P300avg_mean,P300avg_median,P300avg_max,P300avg_min,P300avg_ptp,P300avg_std,P300avg_skew,P300avg_auc,P300avg_kurtosis
Fam,26.764759586337906,24.362442673009355,58.039779105456546,-2.4006662897591013,60.44044539521565,16.496947566070418,0.08793212572929368,2.657336196817375,2.062226129093208,-28.213542770152763,-37.333198633859865,16.766352928243577,-71.53743354137987,88.30378646962345,26.696797167682227,0.4489642625974758,-2.8249056934969463,2.00786103745621,55.99617977098275,55.51318281504791,82.16303103836253,23.848915589042008,58.314115449320525,16.777302760318193,-0.46869915603346035,5.607498820043916,2.552539168428979,49.044931144565524,48.487425374332815,71.44831033656374,22.16028224211186,49.288028094451874,14.265234720002384,-0.4672284534393617,4.910983420360928,2.5565940938873473,32.96326819278688,32.819972147990484,54.12383598013548,7.319216213848752,46.80461976628673,12.858520181004904,-0.46547320932759456,3.3031439775826446,2.9920521609529422,-6.151306337187634,-5.540691745409276,8.760166565480176,-24.051549189607613,32.81171575508779,7.533023062694134,-0.46049201850996163,-0.6090503076569098,3.8670232205425004,32.96326819278688,32.819972147990484,54.12383598013548,7.319216213848752,46.80461976628673,12.858520181004904,-0.46547320932759456,3.3031439775826446,2.9920521609529422,-0.7243915919074286,-6.485377980425255,37.40306601685006,-36.969049915569485,74.37211593241955,21.596872366876323,0.2684481941633847,-0.08378474833978555,2.035043583274709
Unf,-4.156201673420303,-8.651524240121944,31.375126127386466,-32.24234387744218,63.61747000482865,18.717123826332223,0.5733939194047158,-0.45479477415054026,2.3605138195910427,3.5535307040172133,4.220665914544952,16.273414075840265,-10.326484698452987,26.59989877429325,8.110753784967137,-0.16376710113078122,0.3799059406362512,1.912039354291078,-31.85327799516157,-32.40404112148099,-10.918640327872708,-55.965010687941685,45.04637036006898,14.04684424671362,-0.06586981730145126,-3.219258583176197,1.8198128974717276,-27.133707695051832,-27.402551495470107,-9.703690011519939,-47.07091284217313,37.36722283065319,11.779832265501526,-0.07406322446911504,-2.741527703300928,1.8031302997697551,-22.794738234174417,-22.733529779846624,-5.685350515705068,-44.88873431303849,39.20338379733342,11.79738587007337,-0.296099878165416,-2.307699042948705,2.234910694318484,-9.397229012309849,-8.393996722588781,3.566278792277444,-31.63027940900065,35.196558201278094,9.565481098004964,-0.7483665927256816,-0.9623108423689896,3.0817888857139693,-22.794738234174417,-22.733529779846624,-5.685350515705068,-44.88873431303849,39.20338379733342,11.79738587007337,-0.296099878165416,-2.307699042948705,2.234910694318484,-0.3013354847015448,-2.215429162788496,23.824270101613365,-21.284414287947584,45.10868438956095,13.41393880564968,0.20481340913696733,-0.03744441675714452,2.1362765869410603
Fam,-10.236203961583739,-10.681199000828201,27.542098905541934,-42.34419975546189,69.88629866100382,19.69041334188124,0.11331033319158025,-1.0319812314904255,2.170019761623038,25.88499976442248,26.608581720211077,55.53021401283331,-4.950594757247018,60.48080877008033,14.714520394849906,-0.029665039715499962,2.615434369994567,3.019169551906243,-32.04113381098768,-30.97692024311982,-14.28180985385552,-55.507207434857264,41.225397581001744,12.678801097196187,-0.4575762887579053,-3.217704026639579,2.0966814243070226,-27.488390654840398,-26.09235070849536,-11.885204912687186,-47.62328899232671,35.73808407963952,10.914829294017201,-0.48232666310328726,-2.7601521745587574,2.097318855337219,-21.900722308542658,-21.826785390051857,-5.957057813551121,-39.43080749498525,33.47374968143413,10.120750778166228,0.043067638660601114,-2.201191989494872,2.4590012897775817,-6.172642459799905,-8.411085218540393,8.295841325889342,-15.16192605777178,23.45776738366112,6.768621943285292,1.0691058678429959,-0.6257197672862801,3.1830035896885045,-21.900722308542658,-21.826785390051857,-5.957057813551121,-39.43080749498525,33.47374968143413,10.120750778166228,0.043067638660601114,-2.201191989494872,2.4590012897775817,7.824397901419371,7.963691359691438,41.53615645918762,-23.647397256354452,65.18355371554208,17.202466868365573,0.04182264673804015,0.7917265692520707,2.5945946567646407
Unf,-22.921268785362024,-29.888542485423386,-1.6745819948482676,-40.69120404892601,39.01662205407774,14.970698153640077,0.31777420938309564,-2.297290972776128,1.2392460809229866,12.049855895996258,12.755523130181246,39.49588426621631,-16.435851648566313,55.93173591478262,17.03440228775679,-0.04030256017400304,1.2033371929708419,1.7191032434518787,11.26946024280292,-1.5853688069000782,80.64862777246162,-51.66899791220203,132.31762568466365,35.68448273994112,0.37425629979170477,1.1096261011264785,2.494104821462352,10.014540403237614,-0.9528894793220388,70.0484451954253,-44.38166433828883,114.43010953371413,30.80813478982694,0.3736563964369605,0.9862337054008354,2.4918049498676362,5.872948861315089,-2.608791874081362,51.96233193297909,-35.57261243258836,87.53494436556745,23.764877434427756,0.3381827972970141,0.5773657943490502,2.285094170242985,-3.6651540620952643,-5.288117336021969,5.189922831050353,-10.667175047274213,15.857097878324566,4.802014773515209,0.26663569566237694,-0.3637624234801636,1.8693727393989676,5.872948861315089,-2.608791874081362,51.96233193297909,-35.57261243258836,87.53494436556745,23.764877434427756,0.3381827972970141,0.5773657943490502,2.285094170242985,-5.435706444682883,-8.56650967762107,18.91065113568402,-28.563527848746162,47.47417898443018,16.002550220698435,0.1387358246045463,-0.546976889902643,1.4791746621874327
Fam,12.025606852061033,12.909037195640849,26.858913770411164,-11.233995792281348,38.09290956269251,9.482323660978315,-0.8977004086786716,1.2083923022157208,3.781251693390009,-21.88947673158299,-21.60060830647126,-15.081460333021823,-28.2164073723834,13.134947039361577,3.436836366624316,0.18514486753240947,-2.164913416075784,2.2407521211737182,17.16196092397345,16.042785318859387,34.968739782925695,-9.758188753039576,44.72692853596527,12.192167095149559,-0.4507280168871006,1.6634356236490604,2.6802411900804977,15.098582034275191,14.246867067413405,30.32523818546906,-7.6184019235370215,37.94364010900608,10.28122586517645,-0.44679552326820154,1.4644819360279848,2.691039034428628,9.748375626227011,9.288133886305635,24.48290554942408,-10.649488558556186,35.13239410798027,9.686337537508459,-0.31690834491514736,0.9393694781184636,2.4680433353160853,-3.0154160795676104,-2.4252507273558876,8.154738679877482,-14.57187499909196,22.726613678969443,6.585619652199367,-0.053201494590139974,-0.3098091253216543,2.03284978143913,9.748375626227011,9.288133886305635,24.48290554942408,-10.649488558556186,35.13239410798027,9.686337537508459,-0.31690834491514736,0.9393694781184636,2.4680433353160853,-4.931934939760979,-4.345785555415205,5.88872671869467,-19.725201582332375,25.613928301027045,6.4595800138013155,-0.3562777705731311,-0.47826055693003156,3.0110019072818637
Unf,26.34050562077251,27.050535209127702,51.108901971019804,2.8705903787340503,48.238311592285754,12.72310750621519,0.12287128982975334,2.5898223854648923,2.369247675777774,-27.88408572375654,-33.826367143774405,6.129845132818446,-48.762900405563414,54.89274553838186,16.990810663712978,0.8294537734718488,-2.8060188386793508,2.380957814442434,44.521000833041256,46.31066803995054,70.23813668638468,4.819353762286482,65.4187829240982,17.714255923923744,-0.7129681488125188,4.511659690106751,3.1052083265912036,38.81337726432741,40.58745616930537,60.7537804171443,4.629841896530706,56.12393852061359,15.280130044962789,-0.7172980109821788,3.932946170440785,3.1014827255988218,27.163812706686414,28.14549016723807,46.136261365366714,0.6774541058499987,45.45880725951671,12.282092165226345,-0.23832994268023258,2.7543879464047945,3.012416026265461,-1.8429399773094264,-2.4616537075417,7.416866992571158,-7.416833341267193,14.833700333838351,3.851890526792502,0.7152763317539997,-0.18144202133315326,2.8305570266063573,27.163812706686414,28.14549016723807,46.136261365366714,0.6774541058499987,45.45880725951671,12.282092165226345,-0.23832994268023258,2.7543879464047945,3.012416026265461,-0.7717900514920153,-3.3879159673233517,28.619373551919125,-22.946155013414682,51.56552856533381,14.856959084964084,0.4761625316508011,-0.10809822660722923,2.375102745110104
Fam,-18.6113325519535,-16.044519725255668,6.773288532713195,-39.43550473195501,46.2087932646682,12.115005333144136,0.00380559994460069,-1.862802941239721,2.298364210335321,1.442899300758864,0.8180844766059181,11.617074051173404,-6.854265393485548,18.471339444658952,5.373268073543213,0.21024637671532048,0.1354801668779724,1.8816682544843246,-35.77414022751887,-36.56228363979608,-15.818872270756401,-54.60532338474877,38.78645111399237,10.238888560746974,0.4065441942071953,-3.5596194720710628,2.589746991831696,-30.3408955215463,-30.90853351750411,-13.344444596441463,-46.610988647444174,33.26654405100271,8.759656362791313,0.37352320507253867,-3.0185634654863605,2.5555792184739095,-26.301857442143582,-27.253675701407094,-10.897390438913135,-40.01416224734081,29.116771808427682,7.823648737050832,0.5360802737646165,-2.619396384824109,2.5773904262503495,-12.790536577365575,-14.290209946921095,-3.528854449541541,-18.826174709829502,15.297320260287961,4.47240128761421,0.8281734220141155,-1.2800062169149042,2.5868450684454425,-26.301857442143582,-27.253675701407094,-10.897390438913135,-40.01416224734081,29.116771808427682,7.823648737050832,0.5360802737646165,-2.619396384824109,2.5773904262503495,-8.584216625597318,-7.613217624324875,9.1951812919433,-23.144885062720277,32.34006635466358,8.744136703343674,0.10702598832996059,-0.8636613871808743,2.090016232409823
Fam,-0.8820118636138502,0.20914846032837886,21.790843675262295,-23.136164600146003,44.9270082754083,13.175172760819056,0.09220369789392083,-0.13425976838477593,1.9222200840510524,-4.571892558347967,-4.967962922819424,12.47403724846663,-18.62604040070437,31.100077649171,6.636749848231206,0.36809271486349987,-0.4400614591168594,4.523576758054395,3.1585947918043846,1.5212040587186948,36.73008905025199,-27.644950023386627,64.37503907363862,19.951792918711,0.20479050314797234,0.29709414868390127,1.7148930498328785,2.808845027748073,1.402904977965136,31.478124583372846,-23.311291442951187,54.789416026324034,17.010852842429745,0.21526604316117154,0.2646358526807529,1.7098058052160026,1.6356140503986785,0.5228044261211077,27.13296695825799,-21.038596059952397,48.171563018210385,14.614211835007476,0.2900307194786572,0.1515258228042424,1.9949396095915113,-1.0605976683564222,-1.3556957583205076,13.190687241149135,-12.159546713519376,25.35023395466851,6.879989743881681,0.45003561212682774,-0.10715253295192707,2.5601199737256537,1.6356140503986785,0.5228044261211077,27.13296695825799,-21.038596059952397,48.171563018210385,14.614211835007476,0.2900307194786572,0.1515258228042424,1.9949396095915113,-2.7269522109809086,-2.379407231245523,17.132440461864462,-20.881102500425186,38.01354296228965,9.905961304525132,0.23014820637871036,-0.2871606137508177,3.2228984210527236
Unf,-20.142280404273222,-19.581544620450586,-1.869923721642408,-35.3033137798775,33.43339005823509,8.973615580561859,-0.041459333161546756,-2.0214232773990903,2.206371158137965,-19.584343205609073,-20.029836377943866,-8.860136404109653,-33.74929292476736,24.889156520657707,7.01051089380698,-0.13638074811923506,-1.9300129472784069,2.1164380605033446,-32.19889972919751,-33.904623705893755,-13.8754085128312,-48.56268424191512,34.68727572908392,8.907649256495867,0.4567371510156717,-3.2697248081741597,2.8648835829427592,-26.660924224695638,-27.5984584732214,-11.531313248269726,-40.468174120178446,28.93686087190872,7.45897907745885,0.477421650041738,-2.7099723534282174,2.8922067105846887,-27.09538283595929,-27.78510527908414,-11.45228937578698,-43.3849612212119,31.93267184542492,8.2222339361837,0.13988451835401486,-2.737651532904321,2.8947429573555987,-22.42632455398472,-21.852233658137266,-8.950146366260014,-41.12402530154213,32.17387893528212,8.300073474596383,-0.5145052459953651,-2.2332574371105864,2.9271385785393496,-27.09538283595929,-27.78510527908414,-11.45228937578698,-43.3849612212119,31.93267184542492,8.2222339361837,0.13988451835401486,-2.737651532904321,2.8947429573555987,-19.863311804941148,-19.805690499197226,-5.365030062876031,-34.52630335232243,29.1612732894464,7.99206323718442,-0.08892004064039091,-1.9757181123387486,2.1614046093206545
Fam,33.68887652099007,31.860592571320012,45.95236532622948,18.43742393248249,27.514941393746994,7.582624351587167,0.05028159505239174,3.3743745043321396,1.9135751721556915,0.3703629996192166,1.404904367063864,6.404519353964133,-8.733028153073974,15.137547507038107,3.89013723853253,-0.5313150646039357,0.055849345129111015,2.5735496586441617,38.9551360058249,42.079003833350725,58.2417706027627,16.575402696616948,41.66636790614575,14.146969116839973,-0.37141248788729364,3.894678345650427,1.6246754589776322,33.22669705924524,35.977560401079245,49.66671622241847,14.068761629459914,35.59795459295856,11.99807464168467,-0.3716196097825636,3.3213799837090825,1.628231533857401,27.64773380047012,29.736091922435055,42.01200014601151,9.983082198535461,32.02891794747605,10.522457459597616,-0.42568534399999153,2.7672306016321015,1.8568981303108403,10.761368336340219,11.151711532875197,18.127513612853363,-0.694917730470479,18.822431343323842,5.4223286202682015,-0.5340239343301174,1.085633475536795,2.3177873980974875,27.64773380047012,29.736091922435055,42.01200014601151,9.983082198535461,32.02891794747605,10.522457459597616,-0.42568534399999153,2.7672306016321015,1.8568981303108403,17.029619760304644,16.632748469191938,26.178442340096808,4.852197889704257,21.32624445039255,5.736380795059849,-0.240516734775772,1.7151119247306252,2.2435624153999267
Unf,-20.780740022438785,-19.70341327250935,1.1349025044182781,-40.82069426658563,41.95559677100391,11.158889448048111,-0.012722823326055293,-2.0828958261325936,2.3448449890339216,21.034146405222252,23.737487026664894,39.33992775273509,-8.272168997791596,47.61209675052669,13.040979886007264,-0.9216909662222166,2.126348869997779,2.827747771110062,-19.552810733522655,-18.7258337973617,13.151879102224484,-52.46004366199486,65.61192276421934,20.97579978704496,-0.022911076234799117,-1.9681540558588626,1.612195751761667,-17.057867778519793,-16.436150872323196,10.71141377906315,-44.881668145535514,55.593081924598664,17.84197252739314,-0.009469054870407534,-1.7153395578744781,1.6220884348024074,-11.867819998256069,-10.595025401016755,13.549116677798642,-37.7540236513596,51.303140329158246,15.945726272874579,-0.17175834860811803,-1.203458669121509,1.8527840011995602,1.0072185172742383,3.3769084666346316,16.78405715210829,-15.920359146548435,32.704416298656724,9.019406504185632,-0.4828949147191475,0.07311760636881387,2.3240678170346065,-11.867819998256069,-10.595025401016755,13.549116677798642,-37.7540236513596,51.303140329158246,15.945726272874579,-0.17175834860811803,-1.203458669121509,1.8527840011995602,0.12670319139173358,2.0170368770777714,20.237415128576686,-24.546431632188614,44.7838467607653,12.099934667027687,-0.46720689477413596,0.021726521932592613,2.5862963800719916
Unf,-14.744152303172505,-14.62295813325909,-1.2323157534410711,-28.067908715456724,26.835592962015653,8.393287880610748,0.13248438523776976,-1.4728002339049646,1.6950061249371455,2.1232781014427577,3.92818230920966,14.450580238190014,-13.156146451365203,27.606726689555217,8.142204033350653,-0.5504747524586366,0.18310047797210546,2.1384097977808074,-19.4174916457585,-23.634714125364553,4.6495279093505815,-36.527912016026676,41.17743992537726,13.533471574190813,0.4667011902135071,-1.9805799246885372,1.7306134378597793,-16.370276057386945,-20.25073627009988,4.216993147565518,-31.135539757087827,35.352532904653344,11.623009978400002,0.46805337664546803,-1.6692865074672234,1.7278448759042304,-14.794723934567875,-17.427765821291057,3.067603330464408,-27.49980588608499,30.567409216549397,9.72128765222545,0.4085652931240924,-1.5115845113136352,1.9044912529265876,-8.596404100558175,-8.397847068408737,0.3362889344771247,-14.835965885140467,15.172254819617592,4.007381404085538,0.29094131251330196,-0.8848871017851461,2.2550154450157534,-14.794723934567875,-17.427765821291057,3.067603330464408,-27.49980588608499,30.567409216549397,9.72128765222545,0.4085652931240924,-1.5115845113136352,1.9044912529265876,-6.310437100864874,-5.347387912024715,6.609132242374471,-20.612027583410963,27.221159825785435,8.2677459569807,-0.20899518361043345,-0.6448498779664296,1.9167079613589766
Fam,6.3676726518644085,0.8890688150131609,30.168754165060818,-11.991794053756166,42.160548218816984,13.758951126053947,0.6870155432038708,0.6140853672541451,2.0733933507194786,8.735244272464534,8.493187124258839,23.429374778061174,-11.339192496961914,34.76856727502309,10.869028476456004,-0.3971390359657911,0.8334509289396017,1.991029832242092,-11.374186945326633,-4.947218712914037,18.870339772547595,-74.41483467118815,93.28517444373574,23.222669112865066,-1.4730267640815538,-1.0346504547463071,4.759929744711739,-9.833739459106884,-4.488809281610884,15.753848856547847,-63.257786678150296,79.01163553469814,19.66417067738023,-1.4691299169827745,-0.8972388734065928,4.7558237411940985,-7.374437529961141,-2.2647800885048732,15.197480630983287,-53.94623500857657,69.14371563955986,17.546425999276103,-1.3460460440137487,-0.656470569449439,4.305312352767225,-0.9153861854499085,2.6416877290103002,10.968253263854422,-24.16608367639128,35.1343369402457,9.752438207583014,-1.095981450976918,-0.03752238019541729,3.4001835723958385,-7.374437529961141,-2.2647800885048732,15.197480630983287,-53.94623500857657,69.14371563955986,17.546425999276103,-1.3460460440137487,-0.656470569449439,4.305312352767225,7.551458462164471,4.691127969636,26.799064471560996,-11.66549327535904,38.464557746920036,12.313989801254976,0.14493825361903986,0.7237681480968734,2.0322115914807855
Unf,-26.751539053293527,-27.602801310422365,-6.209742423379794,-46.359742555068806,40.15000013168901,11.644345149777218,0.2373811484726606,-2.681546933549309,2.045869107495941,-28.760420019142867,-29.017171982559375,-12.223784324305598,-51.09424819238484,38.87046386807924,10.551294211673257,-0.3890099856030188,-2.884992743683218,2.704901690680723,-3.130717414679706,-3.06606887079397,34.576958569232374,-41.24050246900879,75.81746103824116,23.493821141534685,0.01527117345132678,-0.29259332389091397,1.9808498125124765,-1.6566795317465641,-1.4943120163479762,30.495577448164113,-34.113698347937316,64.60927579610143,19.9937608754936,0.00862581857276023,-0.14811771498025195,1.9883688794638719,-7.577419262579846,-7.970605357362122,19.310217339807423,-35.16855758789461,54.478774927702034,17.11148394665508,0.06463235389429366,-0.7436473770571944,1.8398648486210571,-17.944860841313268,-19.35143518494442,-7.141883997974219,-30.15147194673773,23.00958794876351,7.846869822936951,0.17000006965879397,-1.7902310923004172,1.5503758538868226,-7.577419262579846,-7.970605357362122,19.310217339807423,-35.16855758789461,54.478774927702034,17.11148394665508,0.06463235389429366,-0.7436473770571944,1.8398648486210571,-27.7559795362182,-28.30998664649087,-9.216763373842696,-48.72699537372682,39.51023199988413,11.097819680725237,-0.0758144185651791,-2.7832698386162633,2.375385399088332
Fam,4.606689178497338,4.30413342655811,13.58571807941189,-6.329831194307189,19.91554927371908,4.882494256323299,-0.13351026563897767,0.42627305834953244,3.1237411254404353,-5.869095616617415,-6.15512772128568,11.597998309298418,-24.154194761649705,35.752193070948124,10.473468196746596,-0.09641893405125938,-0.565264727300243,1.9381732080881855,8.78644465274192,9.780753771337913,18.959663066198118,-9.9620629043784,28.921725970576517,7.220985523107533,-1.079651163541426,0.8699741300122231,4.176784907913466,7.595755837778247,8.329830961884,16.45919110160321,-8.799673196335789,25.258864297939,6.262529784952921,-1.135288648964154,0.7518618699813454,4.291925072675738,5.700421583699796,6.550212882909061,13.857993356699202,-9.425927601114381,23.28392095781358,5.82108347892974,-1.1279785326056988,0.5655705798075007,4.24106629207733,0.7190642605792164,1.5400539155052684,6.155125902296277,-9.516046702628955,15.671172604925232,3.9797351287287652,-1.168995785311516,0.07487573942893345,4.254488895642787,5.700421583699796,6.550212882909061,13.857993356699202,-9.425927601114381,23.28392095781358,5.82108347892974,-1.1279785326056988,0.5655705798075007,4.24106629207733,-0.6312032190600383,-0.9254971473637852,12.591858194355154,-15.242012977978447,27.833871172333602,7.677981226534948,-0.11496459984511853,-0.06949583447535529,2.5309571667643103
Fam,2.3531478599527245,1.7168551380564168,11.842426829389296,-4.178374638286186,16.020801467675483,4.452619103187545,0.5139908439138205,0.22937184243676303,2.426862199816253,-0.6353558581814958,0.4039431331648302,6.660116014245432,-11.061802069889382,17.721918084134813,4.642317767547971,-0.6501283778713555,-0.0568340933695656,2.8828850775136035,7.342007721105731,7.812719786670641,39.621903852093965,-24.55462163197808,64.17652548407204,14.330010027819691,-0.17173454670466384,0.6759289001447215,3.928593480991335,6.27503573888624,6.519240969282691,34.09256169106811,-21.179672330617905,55.27223402168602,12.31707983472988,-0.16781806865263454,0.5773317440229677,3.9407157859444526,5.143835607668006,5.276659749142709,26.86670950424741,-16.63494640524732,43.50165590949473,9.967615486183496,-0.15102582648053894,0.475503780041516,3.192415809075527,1.8144633630120448,1.4980184914747952,6.885662969580153,-4.170545253145974,11.056208222726127,3.255756596000913,-0.11352486408431839,0.1732506959568587,1.707938160290793,5.143835607668006,5.276659749142709,26.86670950424741,-16.63494640524732,43.50165590949473,9.967615486183496,-0.15102582648053894,0.475503780041516,3.192415809075527,0.8588960008856144,1.0603991356106235,9.251271421817364,-7.620088354087784,16.871359775905148,4.547468435367758,-0.06806876697876746,0.08626887453359872,2.6548736386649283
Unf,0.8832521646039683,4.274867706044461,17.21766238915734,-17.484280760982074,34.701943150139414,9.970071789302681,-0.2569698212180997,0.08975822201122412,1.9571705543165876,10.26953363564714,9.508254606771516,31.784122256794944,-8.719895959075075,40.50401821587002,8.514577185503473,0.20581976579641528,1.0178317186373136,3.700574187291197,-6.813742918264045,-8.260897175205173,10.52042716764845,-24.29657797620166,34.81700514385011,9.195760729860035,0.14285964543753663,-0.6944255638443002,2.483079150518873,-5.975738522815496,-7.196358637884259,8.779581548878923,-21.127147192601115,29.906728741480038,7.921968039569406,0.1283150574613104,-0.6091187537007847,2.4661756155776855,-3.9696277872335575,-5.029477116854271,9.807185961108189,-17.360710141171392,27.16789610227958,7.009322918688491,0.2441005317495002,-0.4040445044521721,2.8384849336066638,0.8805980793788684,0.36882446252661794,10.121549166797195,-6.658405254711397,16.77995442150859,3.9102399866360313,0.4611268923496536,0.09141080418856858,3.5662000347234337,-3.9696277872335575,-5.029477116854271,9.807185961108189,-17.360710141171392,27.16789610227958,7.009322918688491,0.2441005317495002,-0.4040445044521721,2.8384849336066638,5.576392900125554,6.891561156407988,24.500892322976142,-13.102088360028574,37.602980683004716,9.242324487403078,-0.025575027710842205,0.5537949703242688,2.828872370803892
Fam,6.369007044563309,5.57564362679841,28.602758902707137,-12.633590813493356,41.23634971620049,10.718351095915208,0.24080590111441122,0.5979126833237054,2.6906777087101723,4.353131671472545,4.24718382419087,20.930918253725395,-11.891279427800328,32.82219768152572,8.765640958023026,-0.1305321987649714,0.42951913150747817,2.654201186218362,6.6737666114792,7.5507703058974585,26.721027097664773,-17.283286069869064,44.00431316753384,11.199517948468522,-0.41736857181422293,0.6537209509156943,2.9367948020608257,5.8184290157197,6.477633860413334,23.153403162723407,-14.938087588234339,38.091490750957746,9.703988640182086,-0.4025992630233719,0.5699676403835555,2.9091938347199062,4.070608212076038,4.856435424471783,18.473068545669474,-12.79067024976636,31.26373879543583,8.151934831760963,-0.36979799240391603,0.39857167630960394,2.6202308988548033,-0.2803709909707882,0.5409021071045572,5.544775376620237,-6.1506370911956765,11.695412467815913,3.552297906632284,-0.2894261423741532,-0.027973562370437816,2.014704059783679,4.070608212076038,4.856435424471783,18.473068545669474,-12.79067024976636,31.26373879543583,8.151934831760963,-0.36979799240391603,0.39857167630960394,2.6202308988548033,5.361069358017927,4.91141372549464,24.766838578216266,-12.262435120646842,37.02927369886311,9.741996026969117,0.055136851174719906,0.5137159074155918,2.672439447464267
Fam,-2.8819926515010454,-2.7247438083577435,1.0627164783727494,-11.32168199546868,12.38439847384143,2.999870891551094,-1.5649882595868154,-0.2691559493460189,5.819869536173545,-19.94476661611071,-20.127735297137406,-9.446088370168582,-36.8286891898606,27.382600819692016,6.753777710785544,-0.44009194945450014,-1.9472668190793767,3.345893226442181,-1.1658038367830141,1.0284104519087123,6.404965461115353,-13.121942174620926,19.52690763573628,5.95928749362864,-0.9158312548856254,-0.11412266089907455,2.451859622349007,-0.21343858718043845,1.7222981796294334,6.1326409195316955,-10.07087394100381,16.203514860535506,4.926714317565239,-0.8880559228129753,-0.02005090243463574,2.4433068825904725,-4.953290011557352,-2.84435202502209,1.824758783186553,-15.842620693244195,17.66737947643075,5.45586422637059,-0.883042115344164,-0.48934033413081024,2.425222283789146,-13.480627610708606,-11.283764706604416,-7.063330031087389,-24.33504596410785,17.27171593302046,5.481590867917891,-0.8452391683338911,-1.3338474390587205,2.3805003464279584,-4.953290011557352,-2.84435202502209,1.824758783186553,-15.842620693244195,17.66737947643075,5.45586422637059,-0.883042115344164,-0.48934033413081024,2.425222283789146,-11.413379633805878,-11.426239552747575,-4.191685945897916,-24.07518559266464,19.883499646766722,4.876824301168319,-1.0025401045206577,-1.1082113842126977,4.582881381307863
Unf,22.769225289756342,22.78937063238118,31.920848414301872,8.343773515662178,23.577074898639694,5.3072843744397655,-0.49660469702210586,2.3005475567011864,3.801764069173892,19.946870583435857,18.641458154888824,43.0370528192725,2.0279683212720556,41.00908449800045,10.23151613822868,0.46960628111608693,2.0272648003970333,2.920444774211404,35.223111931023034,33.274338420596905,62.32269515749067,7.3688147494976874,54.95388040799298,14.489300301577941,0.13123178471113364,3.474485830986984,2.526245870115347,29.282806700883576,27.60164989012992,52.168739784974605,5.780715582659468,46.38802420231514,12.181494522917548,0.12035061385904458,2.88736449570332,2.5699190722274765,29.017820924519373,27.73833602986997,49.86164276488125,7.711976498588531,42.14966626629272,11.74259507657529,0.08078067664349305,2.8684920754151406,2.169346337370967,22.547544141651507,22.339019778883085,35.093493352178484,9.98639916360844,25.107094188570045,8.556990405230383,-0.009240368639699069,2.2436258995551173,1.411874069770077,29.017820924519373,27.73833602986997,49.86164276488125,7.711976498588531,42.14966626629272,11.74259507657529,0.08078067664349305,2.8684920754151406,2.169346337370967,21.3580479365961,20.715414393635,37.47895061678719,5.185870918467117,32.29307969832007,7.769400256334222,-0.013499207953009462,2.1639061785491096,3.361104421692648
Unf,-9.298219514273743,-10.795284197229194,19.960196368629113,-29.121252737240866,49.08144910586998,13.56966424937683,0.45178473840961914,-0.9620330847592485,2.4077595969925043,26.24725204196483,28.975394343433436,48.960104322759435,0.9999183703257586,47.960185952433676,14.074689612815321,-0.30309826410521845,2.6047395434385594,1.9910629128456794,-2.9090859466298125,-3.649432642305328,39.27644502255134,-35.986322473036125,75.26276749558747,19.816447254583306,0.39015341833035233,-0.3078936091120826,2.4615845830865606,-2.7450260146311987,-3.2971422569971764,33.67784302099608,-31.605894037056714,65.2837370580528,17.14453531552398,0.37865491406948665,-0.2884727126389675,2.465241563308382,-0.6713253016280362,-0.9804670829301662,26.940193492919207,-23.348196540003602,50.28839003292281,13.24007678875217,0.05014057789587212,-0.08191998299897174,2.506708725289267,3.6401360563769023,4.005173650512006,7.866292435210198,-2.4523731099179713,10.31866554512817,2.759247796149219,-0.6183865987122226,0.35060637275413487,2.593300029472859,-0.6713253016280362,-0.9804670829301662,26.940193492919207,-23.348196540003602,50.28839003292281,13.24007678875217,0.05014057789587212,-0.08191998299897174,2.506708725289267,8.474516263845544,9.090055073102121,34.460150345694274,-14.060667183457554,48.52081752915183,13.822176931096076,0.07434323715220034,0.8213532293396555,2.1994112549190916
Fam,19.632246825005076,21.466860744112637,32.678104616934434,1.1386107416910818,31.539493875243352,7.71200721354833,-0.4692566020810711,1.9919484870173387,2.7630779300272064,-6.724149881684673,-5.7476638630760135,1.5535873671979061,-17.27621020108927,18.829797568287177,5.2347059581406725,-0.25892759389351455,-0.6402996029234385,2.0727248755562666,22.049024105049632,25.74219342932338,33.29847822897136,9.34183753997786,23.956640688993502,8.129046278141214,-0.2964626056977756,2.2009961055636924,1.4533882429063716,18.951747978672547,22.161776541906875,28.430295060388744,8.279303983727004,20.15099107666174,6.8387724477507374,-0.3016330889922216,1.891619604972235,1.4605877004589776,14.882406310844907,17.01330756986863,24.55864887451753,3.8640690339282933,20.69457984058924,6.623843097193471,-0.2555595041783902,1.4866480464247755,1.7109122436603579,3.6464468488125372,3.135952738375636,11.947173334192485,-6.028934421919985,17.97610775611247,4.90371056568846,-0.16858281784517345,0.3673284287383992,2.2187607876157243,14.882406310844907,17.01330756986863,24.55864887451753,3.8640690339282933,20.69457984058924,6.623843097193471,-0.2555595041783902,1.4866480464247755,1.7109122436603579,6.454048471660201,7.859598440518312,17.11584599206617,-8.068799729699094,25.184645721765264,6.473356585844501,-0.3640920979872928,0.6758244420469501,2.4179014027917365
Unf,27.363950196628977,28.34627048287075,38.54274109471589,14.577187357645016,23.965553737070877,7.476011249802573,-0.27910253474653146,2.7308875737019322,1.5945953489363018,7.875832253034787,7.558291827081121,20.040517483721487,-2.3349891762336483,22.375506659955136,5.057596204459917,0.35232514740280924,0.7728056293880475,3.4871393528445047,25.654003234894144,21.633621145156212,44.94699533097446,2.749020723058493,42.19797460791597,13.984681088845168,0.016883265938802416,2.5922854719504382,1.537864434776592,21.593181967406192,18.046609511657152,38.25251405942254,2.271808170917211,35.98070588850533,11.890524369458106,0.02812534085458638,2.182165378300228,1.5201222837582853,19.73088586919694,17.411196949979058,35.52452108124271,1.7208472039934957,33.80367387724922,10.501909264446171,-0.024032128609919573,1.9926160037766325,1.9991520172922652,11.945472405290484,12.553360193123808,23.374053853331134,0.1417127180047828,23.23234113532635,5.630522335035239,-0.11710499262314751,1.2033971610792313,2.939469333341919,19.73088586919694,17.411196949979058,35.52452108124271,1.7208472039934957,33.80367387724922,10.501909264446171,-0.024032128609919573,1.9926160037766325,1.9991520172922652,17.619891224831882,17.952281154975935,29.29162928921869,6.121099090705684,23.170530198513006,6.266803727131245,0.03661130632813889,1.7518466015449898,2.5408673508904034
Fam,34.60612025754437,35.475512049742974,48.230704123852775,18.952991013065912,29.277713110786863,8.265047671105494,-0.07734433333601234,3.4222188354673913,2.034146565642793,20.541774784550608,18.333147636440117,31.524272344540805,11.240364074183162,20.283908270357642,6.54965630138793,0.40442863185867234,2.047404986698379,1.777899062280725,45.79518890050867,44.528100261231884,66.28748815273866,23.32082476641517,42.96666338632349,11.139958806192501,-0.05940396517796361,4.5356525924400914,2.6695994001467467,38.21967801251538,37.050396713311784,55.66067557083443,18.69098559836857,36.96968997246586,9.617567730276306,-0.08899988442789027,3.784960354386135,2.641053271660801,36.94678586422621,36.08022931681868,52.222409673656024,21.704927348764613,30.517482324891414,7.881168303373255,0.30446862273252273,3.6613885641898403,3.1496166067654827,26.82549067965458,26.66219097591238,34.71906529739499,23.1029716815101,11.616093615884893,2.885978373650958,1.061809717803422,2.6635527457432935,4.138197148488902,36.94678586422621,36.08022931681868,52.222409673656024,21.704927348764613,30.517482324891414,7.881168303373255,0.30446862273252273,3.6613885641898403,3.1496166067654827,27.573947521047486,26.904329843091546,39.87748823419679,15.096677543624537,24.780810690572252,7.407351986246712,0.16354214926132998,2.7348119110828852,1.906022813961759
Unf,22.32675961540036,23.177076400315855,36.487796023720875,7.398795787594281,29.089000236126594,7.450563075433198,-0.021535980022344737,2.2472472212022723,2.586861624363456,13.609070226021476,15.85512973178993,33.47713209223002,-22.51088517368771,55.98801726591773,14.57259532151001,-1.0681610925231766,1.4196072452775925,3.7185243727145005,23.38358714181455,25.59124732215423,29.4333731289953,13.217158084444236,16.216215044551063,5.308872188636556,-0.666590262208041,2.353993424034582,1.924615056494092,19.702860579575198,21.31743349309545,24.62305019435007,11.873715266119689,12.749334928230383,4.276445324890007,-0.6445213938051768,1.983839992537679,1.8612852638019293,17.87527567569505,19.11151836490414,25.632548082891542,6.209783047476473,19.42276503541507,5.597586092916779,-0.6354275444459029,1.7974704657015919,2.28179144584309,10.539379305695407,10.425874279462732,22.841220925329253,-6.461524208134506,29.30274513346376,7.207440765223773,-0.5951709773244908,1.0545779805325146,3.059474017233248,17.87527567569505,19.11151836490414,25.632548082891542,6.209783047476473,19.42276503541507,5.597586092916779,-0.6354275444459029,1.7974704657015919,2.28179144584309,17.967914920710918,19.516103066052892,34.98246405797545,-7.556044693046715,42.538508751022164,11.011579198471605,-0.5448485362727606,1.8334272332399324,3.152692998538978
Unf,-5.476553284849545,-3.399167212592147,10.95539664675016,-24.215225494117476,35.170622140867636,9.744808657649639,-0.25363209982575147,-0.5228845360448193,2.250308955384688,-11.811838078301662,-10.178287084272597,2.5966137400246225,-24.96036540833302,27.55697914835764,7.574627398935552,0.1389093554031206,-1.2119603581823863,2.5197373338354496,-2.0209366416915704,-4.5461731019713625,29.564243959612213,-30.773670005146414,60.33791396475863,17.562354886597937,0.14857273398969217,-0.263191072392429,1.934165427751242,-1.4763565445718996,-3.572939078821946,25.244939024560153,-26.255725970258936,51.50066499481909,14.943529251960433,0.11835545509088466,-0.20003597453985977,1.9476894083011518,-2.7413928310766216,-4.961385457136203,21.455492363505375,-24.337384578151006,45.79287694165638,13.199787125221071,0.2990843616903333,-0.3159835799596527,2.167557708126301,-4.726885306966394,-6.765044190615299,9.557294106343761,-15.982757759047672,25.540051865391433,7.093477237104841,0.6303248959904232,-0.4847236929466694,2.6208182883265096,-2.7413928310766216,-4.961385457136203,21.455492363505375,-24.337384578151006,45.79287694165638,13.199787125221071,0.2990843616903333,-0.3159835799596527,2.167557708126301,-8.644195681575603,-6.788727148432372,6.776005193387391,-24.587795451225247,31.36380064461264,8.659718028292595,-0.05736137221131543,-0.8674224471136028,2.3850231446100687
Fam,40.77515061978305,44.24797043611761,60.78801743569784,15.887897461652756,44.90011997404508,11.899534662337675,-0.8419564180774963,4.064413620523349,2.9950675748929245,43.661670973121474,42.842148104682565,58.516146964393556,21.86101846746169,36.655128496931866,9.84856888548085,-0.6017676314392434,4.372360341091347,2.9330544968947336,53.63406391832261,54.154186727828346,73.24752368731424,35.27473018039018,37.97279350692406,10.788629554369434,-0.00795758723560017,5.354455243647693,2.254831170870527,44.51397210057341,44.83560041990131,61.51125126052648,28.884614948765375,32.626636311761104,9.264224914878191,0.03291049446704588,4.444580742684879,2.2797548011160518,44.5805797146302,45.03533515768746,59.13782297284342,31.273331842385232,27.86449113045819,8.015265794193192,-0.0055243751458663995,4.447381268916337,2.0746226375651986,35.593703124994555,36.11621832533274,42.65469397068955,29.660650398000143,12.994043572689407,3.992942913331953,-0.04152603266904491,3.543107820416437,1.6892819407090176,44.5805797146302,45.03533515768746,59.13782297284342,31.273331842385232,27.86449113045819,8.015265794193192,-0.0055243751458663995,4.447381268916337,2.0746226375651986,42.21841079645226,43.54505927040009,59.6520822000457,18.874457964557223,40.777624235488474,10.874051773909262,-0.7218620247583698,4.218386980807348,2.9640610358938293
Fam,12.149427856929133,12.731461993098492,37.00930392369628,-12.50125660590129,49.51056052959757,15.30305215966492,-0.0033145669002192647,1.2081087989479355,1.9552447798064578,2.2788967898398265,0.7556338914582739,22.01289862568956,-15.336390788434073,37.34928941412363,9.182302553888077,0.26767962373282245,0.20759182187323558,2.8756814248306473,26.317076495056078,29.22965904872399,46.79508856497705,-8.979118319984991,55.77420688496204,15.820624300231126,-0.6386157599489299,2.650373566921986,2.4603824468989965,22.414537928975385,24.862064492481295,39.88778917118907,-7.714511411904823,47.60230058309389,13.52572065392425,-0.6311824604252868,2.2573675761644796,2.4448486012538044,18.850081796874573,21.017346777322626,33.37174894113559,-6.078006625405881,39.44975556654148,11.1993556471896,-0.675933346208862,1.898294389985563,2.5420662246849033,7.818630966592257,8.96031679076259,13.432369087240659,-1.54039014432783,14.972759231568489,4.251721987413426,-0.7580018182523691,0.787142026870224,2.7209676259019075,18.850081796874573,21.017346777322626,33.37174894113559,-6.078006625405881,39.44975556654148,11.1993556471896,-0.675933346208862,1.898294389985563,2.5420662246849033,7.21416232338448,6.743547942278383,29.51110127469292,-13.918823697167682,43.4299249718606,12.242677356776499,0.1321825284163016,0.7078503104105855,2.4154631023185527
Unf,-32.80234187304114,-35.503649996826425,-14.107481547398493,-52.32056355453096,38.21308200713247,10.57800172398895,0.2997806556558352,-3.25437191074535,2.2933292060033033,-58.66316300503408,-61.68845357024111,-40.0005592382513,-70.50557906040922,30.50501982215792,8.583491164777032,0.6382024936384825,-5.824701761176616,2.494081250523194,-41.25218087070747,-39.031883716234006,-26.27437424962409,-55.12149436981417,28.847120120190084,8.139945122351842,-0.20310107090995197,-4.134719412571164,2.0824519142687796,-33.71117600181606,-31.70886884618085,-21.116029529366642,-45.744436647510156,24.628407118143514,6.872146382277102,-0.2126598075591346,-3.3802875533360948,2.0856424447708415,-37.06970195101652,-35.60111508704722,-25.487737730145454,-49.11621241869094,23.62847468854549,6.545355420213586,-0.31602060915318547,-3.7080825826111883,2.332436019327446,-36.245748980526024,-36.0625926987268,-29.072809411445633,-46.482706238748506,17.409896827302873,4.6239747560118145,-0.5323009489904698,-3.6092407819263053,2.829213698942717,-37.06970195101652,-35.60111508704722,-25.487737730145454,-49.11621241869094,23.62847468854549,6.545355420213586,-0.31602060915318547,-3.7080825826111883,2.332436019327446,-45.73275243903761,-48.59605178353377,-27.054020392824896,-61.41307130747009,34.359050914645195,9.58074644438299,0.46899157464715885,-4.539536835960983,2.393705228263249
Fam,-1.6846641289502118,-1.981742286716326,8.701238584762905,-10.989765542035457,19.69100412679836,4.704153912010226,0.2816735105866526,-0.1867971437026013,3.3678704908356822,14.079299607881413,12.844069260609103,27.878086257260293,1.1082292985520326,26.76985695870826,8.025087730568531,0.03518745786490311,1.4139887726847096,1.8113446254985917,-8.508312414680685,-6.020038426868268,9.455930921831168,-43.444080802146345,52.900011723977514,15.063033856197512,-0.9594913667871613,-0.870298542197696,3.220959019740015,-7.754202169525552,-5.61338697480096,7.450532393704634,-37.54729186766781,44.99782426137244,12.922505121782653,-0.9445224759365605,-0.7931811366862561,3.1854028211347747,-3.4125403192028436,-2.0230199879733846,11.43286772276042,-28.235583310258033,39.66845103301845,10.947592648884736,-0.5701766246209091,-0.34896139834276435,3.20171758337781,6.024893626597707,5.564365437749075,17.39213985274546,-3.71537726095994,21.1075171137054,4.857238968674046,0.19348396886099467,0.6165954838556592,3.19879090925864,-3.4125403192028436,-2.0230199879733846,11.43286772276042,-28.235583310258033,39.66845103301845,10.947592648884736,-0.5701766246209091,-0.34896139834276435,3.20171758337781,6.197317739465601,5.431163486946389,18.2896624210116,-4.940768121741712,23.23043054275331,6.364620821289378,0.15843048422577785,0.6135958144910542,2.589607558167137
Unf,6.599332839239371,9.290182788390666,22.575606635655276,-5.36834431841271,27.943950954067986,8.389045300312784,0.11783088535718439,0.6749805707438798,1.8630449346284055,-18.488562386227596,-19.569192772905808,-0.4790862817571906,-31.48279938613996,31.00371310438277,7.7791522498937296,0.6346995832848714,-1.8060488065180922,3.166615033494142,9.529285176330841,7.137213742680615,26.157873435295187,-3.3233072826988064,29.481180717993993,9.201750064529227,0.42600921380350415,0.8944811627252673,1.8826685919928163,8.72738013577226,6.633829798374791,22.88868563482538,-2.287785719090607,25.176471353915986,7.836181026131828,0.4348432991485697,0.8230720781338063,1.912512702528544,3.596459465007649,2.153038925219638,15.785186254409686,-6.113871980536108,21.899058234945795,6.8398516811763335,0.3568649782968835,0.3171780369669118,1.8563457593879316,-7.4672869170801555,-7.3119267653964926,-1.6910003068915103,-12.730522939818911,11.039522632927401,3.4816239528679462,0.20974242193857653,-0.7660191299583382,1.7738559836424344,3.596459465007649,2.153038925219638,15.785186254409686,-6.113871980536108,21.899058234945795,6.8398516811763335,0.3568649782968835,0.3171780369669118,1.8563457593879316,-5.944614773494113,-5.139504992257571,11.048260176949043,-18.425571852276335,29.473832029225377,8.084098775103257,0.3762652343210279,-0.5655341178871062,2.5148299840612736
Unf,-18.977913107129588,-18.312954125576653,-0.8048950235206576,-38.30949935945682,37.504604335936165,8.97594953228061,-0.2540451936065533,-1.8951951635907867,3.423489164278809,-18.755715403200995,-16.701818822184578,-4.6977115744084585,-40.87137494934723,36.17366337493877,9.55155366873031,-0.7213823288600794,-1.8729286925900013,3.15818048415782,-15.485961332965067,-16.04563385626534,21.60792428185232,-55.03090505953878,76.6388293413911,17.58367334164989,-0.3846660286279372,-1.6146566363331154,3.2821253948593467,-12.530034065496064,-13.044146726315375,19.10589162434917,-46.46745583158918,65.57334745593835,15.07898344279736,-0.386658898105707,-1.3094123001354026,3.2672546122232213,-14.576565255252623,-15.043889410056485,11.76720373526526,-41.73569262396389,53.50289635922915,12.35449175754429,-0.18335509333098376,-1.5042103973065963,3.188555557430902,-15.713700367296742,-16.041887647588737,-5.4122047004057094,-23.70871698076371,18.296512280358,4.400818488185624,0.22125964674069284,-1.5885622554512713,3.0162866652101363,-14.576565255252623,-15.043889410056485,11.76720373526526,-41.73569262396389,53.50289635922915,12.35449175754429,-0.18335509333098376,-1.5042103973065963,3.188555557430902,-18.86681425516529,-17.507386473880615,-2.751303298964558,-39.590437154402025,36.83913385543747,9.263751600505461,-0.48771376123331633,-1.8840619280903939,3.2908348242183143
Fam,-1.955994085060061,-2.306977194166393,10.600178029562812,-12.373616300465073,22.973794330027886,5.201924792630331,0.19910643426195387,-0.21841120529694102,3.5888489615861285,-13.08368988016075,-14.44056488253409,5.879911896045087,-24.354854758712463,30.23476665475755,10.080148192391553,0.5795323067623215,-1.31847994204321,1.8313004362952425,6.761654573276351,4.994258688384434,32.71576497354545,-13.078153642709367,45.793918616254814,11.577665934180608,0.6244559514895318,0.681916221473134,3.2679837690047076,6.457230240969763,4.991300329493242,28.74609526770655,-10.743890015874058,39.48998528358061,9.975786560048375,0.6036045649104096,0.6509654267810187,3.260062072505973,1.1540722687696772,-0.17819206732383464,18.774847224752495,-12.296431729434213,31.07127895418671,7.922738452268409,0.6734869608090287,0.1177066878046394,3.087664832708265,-9.756668007937082,-10.52013521984918,-5.137318566994509,-13.067251529719215,7.929932962724706,2.214762862576243,0.7924003660271445,-0.9797615848402343,2.7349486566141152,1.1540722687696772,-0.17819206732383464,18.774847224752495,-12.296431729434213,31.07127895418671,7.922738452268409,0.6734869608090287,0.1177066878046394,3.087664832708265,-7.519841982610405,-8.373771038350242,8.24004496280395,-18.36423552958877,26.604280492392718,7.641036492510942,0.38931937051213766,-0.7684455736700755,2.7100746989406854
Fam,12.281973845609592,12.444319509086199,27.401176339481026,-8.443051228823606,35.84422756830463,9.639348683121918,-0.25990835396679496,1.2755238327441198,2.24846035976656,-5.261806830521191,-4.023675501230173,13.851499716110993,-20.070745449629612,33.922245165740605,7.291442773858138,0.01948298497248693,-0.5703093787148583,4.294229461064962,9.37426653772141,10.050829587271437,34.8130488418974,-29.036584237474017,63.849633079371415,18.482303444490494,-0.41494285928428265,0.914821574421089,2.10828405440798,7.956520133890221,8.478315521642799,29.700593586312607,-25.00660229998175,54.70719588629436,15.861135632738868,-0.42110652836445267,0.7758568963562217,2.1064915133782938,6.860537471818034,7.4938839513076045,24.671597202541307,-19.340694355681382,44.01229155822269,12.843844872228614,-0.4065335283538761,0.6727266717670243,2.014551372539779,3.2508257438424746,3.952506745008577,9.501149179413915,-3.9788965295883827,13.480045709002297,4.188095539456479,-0.38355119741289284,0.3275015445237624,1.8288785498330624,6.860537471818034,7.4938839513076045,24.671597202541307,-19.340694355681382,44.01229155822269,12.843844872228614,-0.4065335283538761,0.6727266717670243,2.014551372539779,3.5100835075442003,4.210322003928013,20.62633802779601,-14.256898339226609,34.88323636702262,8.465395728490028,-0.12021268449715401,0.35260722701463076,3.2713449104157606
Unf,20.266614298564562,19.46991051227087,39.55337524530478,3.1155334454524564,36.43784179985232,11.625851071368896,0.026472544316070393,2.000196218432393,1.8035846059100036,25.297884174226336,28.32385234796675,35.476554330671206,9.319384844275191,26.157169486396015,8.012395850525195,-0.7746837683756486,2.5543827757656072,2.365139270780472,19.385018658724107,19.48240696947323,41.56098293606192,-0.5977897785669484,42.15877271462887,13.026472233357993,-0.10968124223035795,1.9211504773173178,1.8180628677083053,15.891005128528727,15.901137885521166,34.8775320162531,-1.498508595432213,36.37604061168531,11.146440353577923,-0.12134881403822677,1.574788142311245,1.8372371675356156,17.157464529150026,17.252215608702198,33.93466613488272,1.4372600958267867,32.49740603905593,9.568054514434033,-0.11162212536199917,1.700856221036827,2.1725806283964744,16.196369800197246,16.37310197111219,25.365483452333137,6.4080786614795215,18.957404790853616,4.531250956366183,-0.10383631981741279,1.6066300434819183,2.8624418499455015,17.157464529150026,17.252215608702198,33.93466613488272,1.4372600958267867,32.49740603905593,9.568054514434033,-0.11162212536199917,1.700856221036827,2.1725806283964744,22.78224923639545,23.89688143011881,37.51496478798799,6.217459144863824,31.29750564312417,9.819123460947045,-0.3741056120297891,2.277289497099,2.084361938345238
Fam,8.023040115071685,7.241765160870273,35.204422601964325,-14.744129657628946,49.94855225959327,11.986965322497309,0.0898025165640609,0.7279473456639021,2.6670386550979996,-12.350380805296131,-13.080692042422015,6.6031857386406045,-26.458259526407346,33.06144526504795,8.94272555513758,0.43366203169579887,-1.233896376874892,2.5788746543725085,32.80207661541331,35.48656968632713,57.57308463216759,4.528928002400789,53.0441566297668,15.051080076905823,-0.13767259973366364,3.282896133997886,2.0055627243389744,28.132294643840467,30.119022994767874,49.05118839815259,4.315409569244366,44.735778828908224,12.638509056967292,-0.133882832298054,2.815827217029683,2.0215945963580744,22.467946751866737,23.45527733875012,42.28206065211756,0.5508036338142119,41.731257018303346,12.053245800184854,-0.09951400019165059,2.2470933240245494,1.8667060275036935,6.469468996346432,4.760239335155347,20.221908926032484,-7.19192667020252,27.413835596235003,8.47014826668145,-0.026986568543234148,0.6425566210460798,1.5729607618140322,22.467946751866737,23.45527733875012,42.28206065211756,0.5508036338142119,41.731257018303346,12.053245800184854,-0.09951400019165059,2.2470933240245494,1.8667060275036935,-2.163670345112223,-2.9194634407758713,20.903804170302465,-20.601194592018146,41.50499876232061,10.464845438817445,0.2617322741299299,-0.252974515605495,2.622956654735254
Unf,19.189266053077656,19.66162380995229,40.51917858305387,-4.568293206830276,45.08747178988415,11.53272304769358,-0.148017840728047,1.9999762434601136,2.8391160721135495,-13.554103588830912,-10.06178854368045,8.091812560451217,-36.12268119468354,44.214493755134754,10.836489774489985,-0.5726510548237302,-1.4142167125296636,2.7501878159806954,10.554419274145543,7.049895202726475,34.383781894575804,-10.938912964775227,45.32269485935103,15.418791689930561,0.13269444046367662,1.0593641542775831,1.377583431155305,9.340421769366003,6.516638904940919,30.07027044077404,-9.187969226331916,39.258239667105954,13.236731034789655,0.14168975460270292,0.9380608793185365,1.4048542746270567,5.7047852423535845,2.6677197032161835,23.43541655136505,-9.27777606799888,32.71319261936393,11.037157799310938,0.2945250253729051,0.5697053046462405,1.5231181847091662,-2.7804853164507923,-5.563374998018844,5.852197318745311,-7.706446012889501,13.558643331634812,4.455950673212595,0.6091908810523357,-0.2883091196573981,1.786916848345137,5.7047852423535845,2.6677197032161835,23.43541655136505,-9.27777606799888,32.71319261936393,11.037157799310938,0.2945250253729051,0.5697053046462405,1.5231181847091662,2.8175812321233717,4.7999176331359195,24.305495571752544,-20.345487200756907,44.65098277250945,11.184606411091782,-0.36033444777588863,0.292879765465225,2.7946519440471222
Fam,27.885172235423504,27.899623091798276,51.879807870136574,2.4711548576306086,49.408653012505965,12.984673651631377,-0.015316036641386123,2.771816230323388,2.527661994962834,-8.428638612765727,-4.525369831753778,12.391355085128453,-31.822626624489203,44.213981709617656,12.640432743288924,-0.531970063962382,-0.8244569922242525,2.3516114136784667,26.150359155088573,23.618077648279723,45.09243808570318,8.54846257425379,36.54397551144939,11.076147273137687,0.21524288399376448,2.5629841914621694,1.8042842735955134,22.60718883917434,20.46157169388607,38.965667044976726,8.139842975651845,30.82582406932488,9.432089877781923,0.228940980108242,2.2163754671142324,1.7905187614298128,16.962639386100328,15.365811047255798,34.35767333333691,1.5845186377797897,32.77315469555712,9.131931405328912,0.3361573286270014,1.659035937971453,2.503212298798389,2.1303701640380703,2.0177837996016024,19.014914869330823,-11.934749636566266,30.94966450589709,6.88755706506712,0.5642881217789977,0.1977481553379572,3.914833861369841,16.962639386100328,15.365811047255798,34.35767333333691,1.5845186377797897,32.77315469555712,9.131931405328912,0.3361573286270014,1.659035937971453,2.503212298798389,9.728266811328888,11.687126630022249,32.13558147763251,-14.675735883429297,46.81131736106181,12.81255319746015,-0.27364305030188407,0.9736796190495678,2.4396367043206504
Fam,15.344781436746976,14.049836408958072,31.100978958420455,2.347774170630146,28.75320478779031,9.391898049754737,0.2615954683530616,1.5245263586324023,1.6400827030766627,-17.847340341876798,-18.686437215365004,-2.2412018552131485,-33.919695852091536,31.678493996878387,10.043952661885225,-0.07159040639659432,-1.768709889476153,1.7402575889046183,0.2052916119492483,7.636355121576344,37.832920497749,-40.50398638355546,78.33690688130446,23.62873710988962,-0.48120069344569855,0.0077633647929885585,1.8694793567712682,1.0147749531615073,7.107688361429609,32.831427233759314,-33.46156154293567,66.29298877669498,19.95709993776584,-0.4725081515646561,0.08960099888958419,1.8716655668036972,-4.290521949256706,1.7348540950479219,23.882475564581302,-35.633261480446286,59.515737045027585,17.948547349489996,-0.5482627851629603,-0.43289297300699986,1.9081992471049503,-14.091632412880873,-9.539481197862187,0.9830789622355951,-32.934236514847726,33.91731547708332,10.259805000814533,-0.6910795104785267,-1.3960432827035723,1.9834528177398851,-4.290521949256706,1.7348540950479219,23.882475564581302,-35.633261480446286,59.515737045027585,17.948547349489996,-0.5482627851629603,-0.43289297300699986,1.9081992471049503,-1.2512794525649111,-2.318300403203466,14.429888551603653,-15.785960840730695,30.21584939233435,9.71792535581998,0.09500253097823363,-0.12209176542187539,1.6901701459906406
Unf,7.57330205767805,16.068922377598938,37.34737038030289,-31.54644218739122,68.89381256769411,22.21788551042644,-0.7249159147857431,0.8036108955860822,1.965728084923804,-7.633146275601086,-15.726702258689329,47.03554805018939,-57.056960940826684,104.09250899101608,31.85843896387454,0.3211514837066116,-0.7707215008777275,1.6297369622838591,39.435544469877364,40.10297379863914,64.78546129073948,20.99882476613857,43.78663652460091,10.076572180604053,0.2626444797138522,3.8878390614446108,3.266149219824365,34.684114745267344,35.38914461387321,56.299377320101485,19.053411961067468,37.24596535903402,8.625337605131714,0.2532460929360222,3.4220492781164955,3.2061004905147783,22.453642210452113,22.731614687169593,42.03275875624968,8.041914043133147,33.99084471311653,8.197471133720292,0.3490752505413655,2.199691926660411,3.028258148679985,-6.758732583788374,-7.29727435100358,5.013437657908071,-15.926494597806595,20.939932255714666,5.8905036154251125,0.5313351789742222,-0.7108125595798727,2.612524735700812,22.453642210452113,22.731614687169593,42.03275875624968,8.041914043133147,33.99084471311653,8.197471133720292,0.3490752505413655,2.199691926660411,3.028258148679985,-0.029922108961518035,0.1711100594548043,42.19145921524614,-44.30170156410895,86.4931607793551,27.03816223715049,-0.20188221553956576,0.016444697354177362,1.7977325236038315
Fam,32.18433672512989,32.389363695983775,48.47069067182019,13.420120012597181,35.05057065922301,9.650168894601393,-0.1725187508594845,3.150219668330907,2.2322002560585332,-16.61855195869486,-11.546326277311891,-8.81596133694984,-35.00982347759418,26.19386214064434,8.322815420781776,-0.919367207013648,-1.644150874184619,2.4347883505411523,29.32770296236133,36.63856659841258,59.5821620663628,-22.422313122660853,82.00447518902365,25.384105884678053,-0.9518150134336609,3.0073038051268957,2.777523617645983,25.548206001356167,31.481109544984065,51.467184675857425,-18.955270206788555,70.42245488264598,21.76709437695401,-0.9519849745821365,2.6188504878055063,2.787756713631624,17.997747464120877,23.256620390081178,39.19355064378275,-18.27952140350438,57.47307204728713,17.709985528629613,-0.8436074117781297,1.85026073365321,2.514356202307571,-0.8826665713548629,1.6501850268468843,6.531305189128034,-13.460980881063733,19.992286070191767,5.97875632425677,-0.6270222473185916,-0.07537209197277164,1.9777882756451053,17.997747464120877,23.256620390081178,39.19355064378275,-18.27952140350438,57.47307204728713,17.709985528629613,-0.8436074117781297,1.85026073365321,2.514356202307571,7.782892383217515,10.421518709335942,19.827364667435177,-10.7948517324985,30.622216399933677,8.986492157691584,-0.5459429789365663,0.753034397073144,2.333494303299843
Unf,-1.0379666021046536,-2.10673061928901,10.462155842105858,-8.3472214100766,18.809377252182458,4.777224264244314,0.4919985098078597,-0.1126793080231665,2.6114745706771365,-24.552593388831994,-23.838138076826,-8.44707028591074,-41.485709516564384,33.038639230653644,9.407478653323958,-0.014113232735227436,-2.4169113743142128,1.8287644792203843,18.681632552714362,13.651800600200659,52.30570968706161,-1.5580335457343608,53.86374323279597,17.901202678791794,0.40244537592065394,1.8319501319761418,1.615023733879549,16.724088235301558,12.688541119132424,45.39681685855612,-0.6522295166178083,46.04904637517393,15.31731876773572,0.3925899117175016,1.6418562115927624,1.593212518519838,9.087120888423419,6.175015262973223,33.3608647906658,-6.231931649836042,39.59279644050184,13.090528088830034,0.3238510140431417,0.881239012346525,1.6912983842533071,-8.144358122745661,-7.815295930413413,2.3800678263796726,-16.485531887155958,18.86559971353563,6.053062819962585,0.17651775449126966,-0.8300893065293292,1.8656589003605342,9.087120888423419,6.175015262973223,33.3608647906658,-6.231931649836042,39.59279644050184,13.090528088830034,0.3238510140431417,0.881239012346525,1.6912983842533071,-12.795279995468324,-12.972434348057504,1.0075427780975588,-24.916465463320492,25.92400824141805,7.092351458784136,0.23894263853631614,-1.2647953411686896,2.2201195249487604
Unf,20.545870466566367,19.224564312025905,34.96063072816469,5.803900876344414,29.156729851820273,7.743877330932801,-0.06913688882095788,2.0326840159717707,2.185434953716281,2.010103324815523,1.6384162222493615,13.580554877989925,-8.29536838864442,21.875923266634345,6.189484363020274,0.3913833570276444,0.187559601663026,2.29828814491778,36.48372022815658,37.46325273823459,49.11733412882313,23.499716917285696,25.617617211537436,8.011956495299593,-0.26269201680095944,3.6256303547522557,1.8765364056541889,30.926193735817485,31.68109651596751,41.619055991759524,19.937437173211947,21.681618818547577,6.749647661956712,-0.26115351505524376,3.0734031805555255,1.8890864442392041,26.91079534764494,27.899885177854838,37.00539127748925,16.30727335092767,20.698117926561583,6.459847523152415,-0.2325154445052663,2.6739813743423078,1.7846768344581687,13.322472078960764,14.555306279362412,20.279783711885102,5.484665962285362,14.79511774959974,4.61793841220094,-0.17370080165959567,1.3229105877191425,1.5884076534811138,26.91079534764494,27.899885177854838,37.00539127748925,16.30727335092767,20.698117926561583,6.459847523152415,-0.2325154445052663,2.6739813743423078,1.7846768344581687,11.277986895690944,10.431490267137633,24.270592803077307,-1.2457337561500026,25.51632655922731,6.966680846976537,0.16112323410334325,1.1101218088173983,2.24186154931703
Fam,19.700712756459254,22.38076376670506,43.018826545448974,-3.7437105220305966,46.76253706747957,13.921399805172369,-0.26447917774917507,1.9436717007762758,2.0788847394834162,9.767306313387317,6.745947530362173,27.491611035657115,-0.7338301202253206,28.225441155882436,9.218861966392696,0.6140928318325062,0.9684160130735209,1.9487847601993358,27.13473686701316,31.11892510787584,53.89090074459091,-18.6111792572774,72.50208000186831,17.297943583441423,-1.1281902860009072,2.7950767901301337,4.505237264027805,22.89757236002725,26.247564164805226,45.857130317017436,-16.213287381106056,62.07041769812349,14.832947284144334,-1.1178322734867439,2.3597439198838908,4.4702624757888465,20.56307089595486,23.10350115900898,38.84224012532892,-11.418337673300508,50.260577798629434,11.989955299913182,-1.2063136269451522,2.112197362303014,4.783127496826528,11.65690346082416,11.944014204345876,16.778689314378425,0.5694536184819299,16.209235695896496,3.8389750321537908,-1.372918321347806,1.1817713768950164,5.373882750662931,20.56307089595486,23.10350115900898,38.84224012532892,-11.418337673300508,50.260577798629434,11.989955299913182,-1.2063136269451522,2.112197362303014,4.783127496826528,14.734009534923285,14.563355648533616,35.255218790553045,-2.2387703211279586,37.493989111681,11.570130885782532,0.17480682704166556,1.4560438569248983,2.013834749841376
Fam,16.086604633668546,14.092566289036768,33.07687438791618,1.6201370272028726,31.456737360713305,9.934237827617268,0.17882295856241645,1.5803987071013397,1.6902916742585765,21.67968743658723,22.437674488173798,29.874656320316717,11.096457456005737,18.77819886431098,4.833842630302465,-0.6496873820575514,2.147896096237427,2.7304220049575094,14.65407077953037,24.492372176609933,58.69839878869243,-53.308798669604585,112.00719745829701,28.00779712446956,-0.98624311934791,1.6009829406027571,3.663468616374453,11.953365497692385,20.51557294180384,50.017315516015515,-46.49505717679858,96.5123726928141,24.09923270040496,-0.97878065348732,1.31245330505473,3.66008498161775,13.284043830434456,19.50275645867805,43.3346364540436,-32.49426208640216,75.82889854044576,19.008333914984217,-0.8825780551744155,1.4168202964704024,3.5670971807213268,13.244695214080611,13.500324257620377,21.288195057422854,2.321069587196689,18.967125470226165,4.917971920078134,-0.6827103926880167,1.3370246437537199,3.3777379441717765,13.284043830434456,19.50275645867805,43.3346364540436,-32.49426208640216,75.82889854044576,19.008333914984217,-0.8825780551744155,1.4168202964704024,3.5670971807213268,18.883146035127886,18.265120388605283,31.475765354116447,6.358297241604305,25.117468112512142,7.384040228959867,-0.23543221174756745,1.8641474016693835,2.210356839608043
Fam,-47.01417749795557,-54.261077821138315,-0.4481739210859814,-76.30750769749284,75.85933377640686,22.560685729425938,0.7297608314382086,-4.687576618613977,2.319399242934847,7.189978499757042,8.999521469377214,23.772805434418842,-13.084713827993255,36.8575192624121,10.183216670878078,-0.41294552085622466,0.7323112742644109,2.3076323003962997,-85.99767674100943,-83.31687058671378,-47.651425120420754,-125.08568761404604,77.43426249362528,18.407751426488627,-0.411291337950119,-8.629640658011295,3.1545874992919205,-73.23924980412882,-70.72326116031036,-39.03392280335538,-107.07222099881619,68.03829819546081,16.00758958465516,-0.3779323860608161,-7.351362240068017,3.2076136767455874,-61.62855900653924,-59.35774303604072,-33.039302252291236,-90.8977951136573,57.85849286136605,14.14268493934654,-0.3820486208072073,-6.173717502507215,2.889135975846576,-25.648750474479478,-24.033097361098044,-12.432558833097573,-40.53547672810964,28.10291789501207,8.01271380689583,-0.35692213841068665,-2.5401496094423326,2.3052067515022197,-61.62855900653924,-59.35774303604072,-33.039302252291236,-90.8977951136573,57.85849286136605,14.14268493934654,-0.3820486208072073,-6.173717502507215,2.889135975846576,-19.912099499099266,-22.63077817588055,11.66231575666643,-44.69611076274305,56.35842651940948,16.371951200152008,0.15840765529099196,-1.977632672174783,2.3135157716655734
Unf,-8.67051691627169,-7.427124046444078,8.63968216435751,-29.60683013952803,38.24651230388554,10.078091606688588,-0.3998871786994609,-0.893001083749553,2.5053373284650546,-18.53976580325532,-18.343015653954353,-3.743235083675245,-38.12235445366241,34.379119369987166,7.905957459145862,-0.48448244570227217,-1.8077691956896305,3.6317803347075213,-17.028019755116475,-13.714389297092566,14.001642739458475,-49.78816650691442,63.7898092463729,17.919198668091717,-0.261430895628146,-1.6900413051953946,2.07457183442692,-13.841726022598358,-11.011649348802166,12.41899917658884,-42.017014493467286,54.43601367005613,15.268969847462202,-0.2805065044841879,-1.3747437152002941,2.091074593599921,-15.690051641242391,-13.32629881289904,7.890225939869803,-40.50815671992799,48.39838265979779,13.381289328327611,-0.21135116463924455,-1.5522597320427807,2.3439310941057028,-16.200409146012344,-15.252857792802388,-2.749964096437907,-29.71928915940225,26.969325062964344,6.955699469428914,-0.0921160938053999,-1.5919941757326534,2.866146854290268,-15.690051641242391,-13.32629881289904,7.890225939869803,-40.50815671992799,48.39838265979779,13.381289328327611,-0.21135116463924455,-1.5522597320427807,2.3439310941057028,-13.605141359763506,-12.885069850199216,2.4482235403411323,-33.86459229659522,36.31281583693635,8.992024532917224,-0.44218481220086653,-1.3503851397195916,3.068558831586288
Fam,-12.48530886116966,-14.640284007327864,7.838742931198794,-26.3228575931862,34.161600524384994,9.451917719278573,0.7629702624241318,-1.2853959604225351,2.7790467004306074,-20.682987684932204,-24.980735361168627,19.61372072400991,-73.32106906687841,92.93478979088832,24.594701500643357,-0.2844437447239337,-2.0720066698184567,2.6152563211593574,-28.209921450839968,-26.626345970726106,-4.203631306154421,-57.384233514312655,53.180602208158234,14.61337638141221,-0.2814491042699634,-2.806374466281087,2.2505246076997034,-23.76650894138248,-22.643253942078445,-2.3076622710505035,-49.02448199572973,46.716819724679226,12.76777535465135,-0.21105135739975162,-2.3664353092901576,2.2678533594148567,-21.58049877665783,-20.80657880772681,-2.452051489854057,-46.02279053263677,43.57073904278271,11.448237725258451,-0.3104446792217768,-2.135774487034837,2.6935236249750205,-12.765065937751038,-13.150136510375887,-0.8448608923572465,-31.659656087867916,30.81479519551067,6.963561439711791,-0.4388335759956155,-1.234513685533266,3.562192907810502,-21.58049877665783,-20.80657880772681,-2.452051489854057,-46.02279053263677,43.57073904278271,11.448237725258451,-0.3104446792217768,-2.135774487034837,2.6935236249750205,-16.584148273050932,-19.810509684248245,13.726231827604352,-49.821963330032304,63.548195157636655,17.023309609960965,0.23926325885009905,-1.678701315120496,2.697151510794982
Unf,23.374768101273975,24.286889129143674,52.26993016549386,-0.17415072761650663,52.44408089311037,13.565976945090233,0.2002385730416047,2.316060486867832,2.9742301716800488,-5.544873376040782,-4.455049861462612,31.42999776173383,-42.61529466020875,74.04529242194258,16.064944616599004,-0.08510051349268265,-0.6381916601203936,4.438156397702565,10.524949509158269,6.760039468645118,33.93890801817179,-16.750109352869913,50.6890173710417,13.302418214956157,0.25354815002796066,1.056587952206342,2.3632315137969186,9.021182671849951,5.831439693793072,29.11141564254649,-14.61325246054912,43.72466810309561,11.394769860893277,0.2222878988400483,0.9058086713668374,2.4090409060911933,7.237697836580938,5.272050543680962,24.708109473673783,-13.509857732666811,38.217967206340596,10.033075002416961,0.0012376452760108163,0.7256218364975257,2.45095196459943,2.166961328734592,3.2246724686046946,11.074004760303069,-9.166211384581402,20.24021614488447,5.40203693140145,-0.4721231130399765,0.21446888591939733,2.580583473910179,7.237697836580938,5.272050543680962,24.708109473673783,-13.509857732666811,38.217967206340596,10.033075002416961,0.0012376452760108163,0.7256218364975257,2.45095196459943,8.914947362616598,9.91591963384053,41.849963963613845,-21.394722693912627,63.24468665752647,14.815460780844617,0.057569029774461024,0.8389344133737192,3.706193284691307
Fam,30.062827171115295,28.759789529431146,45.29980287770741,14.771802852919791,30.528000024787616,8.118545896578862,0.18411469765492539,3.0012693838738143,2.2224693535317748,-10.437951197253334,-12.786645129381213,6.159740678413073,-29.78736665681936,35.94710733523243,9.512803405776332,0.05472844587029356,-1.084430395786762,2.815500458142513,36.45108958712976,36.05398887884803,59.84560993965715,17.94062518456485,41.9049847550923,11.247040811345753,0.19224258305728667,3.634459033607973,2.472994041780888,31.293493730817527,30.929424610803835,51.415896450635046,15.369829270639457,36.04606717999559,9.667373084957989,0.1965053838531212,3.1200064101478593,2.477888652428062,24.800044223947904,24.579743846212903,40.86275354590422,11.973683664715887,28.889069881188334,7.787485948369238,0.15959148874892426,2.4738149107144167,2.3518079118767954,6.655549353896417,6.755818048986839,11.326754247420467,2.610596538943355,8.716157708477112,2.4480439488039702,0.09002649933636493,0.6669792883874188,2.104541041421436,24.800044223947904,24.579743846212903,40.86275354590422,11.973683664715887,28.889069881188334,7.787485948369238,0.15959148874892426,2.4738149107144167,2.3518079118767954,9.81243798693098,7.986572200024966,25.72977177806024,-7.507781901949784,33.23755368001002,8.815674651177597,0.11942157176260948,0.9584194940435261,2.5189849058371436
Fam,44.703169937047974,45.84285488817841,87.6450285431929,3.1943611702445196,84.45066737294837,20.86618261471465,-0.514009042832804,4.44313536808842,3.334548420540582,39.47365226290108,39.80138717452064,60.34922262188047,14.388809177035,45.96041344484547,12.86630305728937,-0.3177990999772759,3.9525511530803077,2.3130323011596365,18.15566859055305,11.01746329368325,60.29431460774504,-29.812419597874396,90.10673420561943,26.39805896130391,0.2637702774501288,1.8402633682410803,1.6870058824137397,14.400226715949316,8.329841193699394,50.89894693810493,-26.83065577002708,77.729602708132,22.703105752810604,0.2656014322670151,1.4624401725525618,1.6929819722563983,18.621261210054303,13.675989445497786,48.59095376256543,-13.750532161793672,62.3414859243591,18.094550010495677,0.3456747689689072,1.8725074977983998,1.9522568683768735,23.307888323660546,21.680663849110715,34.57959974184632,15.39147888252046,19.188120859325863,5.18248531737252,0.5076525971895776,2.314818952601557,2.4767827504604827,18.621261210054303,13.675989445497786,48.59095376256543,-13.750532161793672,62.3414859243591,18.094550010495677,0.3456747689689072,1.8725074977983998,1.9522568683768735,42.08841109997453,42.822121031349525,73.99712558253668,8.79158517363976,65.20554040889692,16.86624283600201,-0.41590407140503993,4.197843260584364,2.8237903608501096
Unf,1.036580052562805,0.5701367200572349,7.910527529020328,-6.357329766615294,14.267857295635622,3.498602167796902,0.04107862315535712,0.12909553172186095,2.707548738228439,6.348639507573003,3.1746154718348407,23.814887754269876,-4.580960194289219,28.395847948559094,8.025675463507495,0.7528400660917866,0.6507787278555536,2.689880760381436,-0.11690241472286708,-0.4417324035443926,13.605106687464286,-10.073877092509065,23.67898377997335,6.482564427298507,0.5303971821525056,-0.036772570093848524,2.4916960624113043,0.03131450317853753,-0.39663354556296326,11.897365766344592,-8.117009201669134,20.014374968013726,5.551757148777636,0.6042992016122003,-0.01797318968378418,2.5348990588397813,-0.7752175375078179,-0.5471958909690026,10.077999983574651,-10.401502246774422,20.479502230349073,5.452259441650168,-0.026029519981345617,-0.09685183704435553,3.008347947442059,-2.240064700979124,-0.803221723799652,4.731527496915078,-13.013620446145069,17.745147943060147,4.322456748874361,-1.2127849437087428,-0.23580975135543392,3.998448721075092,-0.7752175375078179,-0.5471958909690026,10.077999983574651,-10.401502246774422,20.479502230349073,5.452259441650168,-0.026029519981345617,-0.09685183704435553,3.008347947442059,3.6926097800679036,1.8723760959460378,15.862707641645102,-5.469144980452256,21.331852622097358,5.762138815652198,0.39695934462357185,0.38993712978870726,2.6987147493049375
Unf,8.855011532642283,9.93170942820143,17.256768842344172,-5.324161975295283,22.580930817639455,6.845863568555159,-0.8213740550285983,0.8558937465695853,2.6059416296202103,-5.805202914206557,-4.911104724669713,5.018289812142029,-19.63831891771406,24.65660872985609,6.523345352246798,-0.6120253712570086,-0.6050021144676565,2.941914255941961,16.410956174712947,18.75508314697072,28.151012884336524,0.14162208117340924,28.009390803163114,6.839910365667845,-0.9337368295897982,1.6289052122051924,3.3855009789331882,14.29868509516242,16.4527218657895,24.74101711413823,0.43468151034176117,24.30633560379647,5.884019516847653,-0.8890113714658072,1.4189474718677157,3.358760711672576,10.057143532694914,11.595200713069667,19.973857736961993,-1.9732350059105859,21.94709274287258,5.453740024456617,-0.5136483544978613,0.9998269420271538,3.0631033610292877,-0.5382106717906237,-0.422202873551214,7.029543212411227,-6.496008609246928,13.525551821658155,3.637290190854352,0.28180313756202163,-0.04837185799144672,2.445048392482098,10.057143532694914,11.595200713069667,19.973857736961993,-1.9732350059105859,21.94709274287258,5.453740024456617,-0.5136483544978613,0.9998269420271538,3.0631033610292877,1.5249043092178631,2.5103023517658585,11.1375293272431,-12.481240446504671,23.618769773747772,6.684604460400978,-0.7166997131428035,0.1254458160509644,2.7739279427810857
Unf,5.939781297788963,4.044680963488645,23.224465621751733,-5.857308224221924,29.081773845973657,8.311387888684292,0.5695827113470915,0.5664153520112912,2.2253168429819814,6.712620045863542,4.902035470877308,25.159495635307394,-2.540440618759021,27.699936254066415,6.907788972307263,0.674682443087587,0.6496852199100058,3.1802878017741345,12.974491536938286,6.8505542003549635,44.47405081009492,-8.27963049232494,52.753681302419864,15.82675461102415,0.596643759815649,1.3099429109593845,2.0644459516541045,11.092959527631434,5.895448339288123,38.094793126219884,-7.3694473030627705,45.464240429282654,13.63659900107554,0.586749021246845,1.119953171399336,2.041395388999827,9.068965550221938,5.191756220786677,30.715395951119717,-5.558125318808986,36.2735212699287,10.706538292944254,0.7115628256454264,0.9157601037155056,2.595144813805429,3.139445586096092,2.8292661227169447,9.577343917044345,-1.0252981610392453,10.60264207808359,2.6562612667330763,0.9512956958737852,0.31738422878779643,3.679593100762356,9.068965550221938,5.191756220786677,30.715395951119717,-5.558125318808986,36.2735212699287,10.706538292944254,0.7115628256454264,0.9157601037155056,2.595144813805429,6.3262006718262525,4.473358217182977,24.191980628529564,-4.198874421490473,28.390855050020036,7.609588430495778,0.6221325772173392,0.6080502859606485,2.7028023223780577
Unf,12.298718067208588,13.812531960866181,44.72193541005254,-16.00505129317753,60.72698670323007,15.483513015947832,-0.027035127803982668,1.1355934524802132,2.407097555589801,26.976263877888695,37.10040436999407,51.68686402612366,-23.32992880837992,75.01679283450358,22.20436388677162,-1.069345102639022,2.7375268705309357,3.0519134661613467,37.886226862746334,44.29460932442453,80.22680412977934,-14.174228454066906,94.40103258384624,27.856416934871085,-0.35411148454439556,3.8304441832328435,1.8408662698585956,32.26112675546434,37.561032513622195,68.42174479970708,-13.129624676366802,81.55136947607389,24.10933596566036,-0.36650510327513813,3.2628910436681355,1.8466269861654656,27.17357935612432,30.707224141224287,58.064456728364654,-10.972324010557108,69.03678073892176,19.72326364129427,-0.2474309148740255,2.7411924013356006,2.3523326641406643,11.373384450162295,10.26603058562614,25.54482125560753,-5.613118901237613,31.157940156845143,7.204038023351367,-0.021676156802542864,1.1302419771058216,3.3695047363979307,27.17357935612432,30.707224141224287,58.064456728364654,-10.972324010557108,69.03678073892176,19.72326364129427,-0.2474309148740255,2.7411924013356006,2.3523326641406643,19.63749097254864,25.456468165430124,48.2043997180881,-19.667490050778724,67.87188976886682,18.843938451359726,-0.5481901152215023,1.9365601615055743,2.729505510875574
Fam,19.48660228051197,20.7086932277889,31.741401471663266,1.90048865533754,29.840912816325726,9.256293713278046,-0.39992506396723115,1.9455015002807545,1.9157782062811308,-14.876171025417325,-12.58942938875407,-5.840249741595471,-29.448929126374424,23.608679384778952,6.423173427243798,-0.9171343798531123,-1.4501147360935855,3.0833942244034858,23.343212853013448,28.19617475324776,49.11623182124458,-28.989721613470465,78.10595343471505,20.467658684382812,-1.0224855686129997,2.4068778468816787,3.452437172149922,20.257073270631036,24.350675630557816,42.662079067667946,-24.677656256244518,67.33973532391246,17.534902144487845,-1.0259572943383566,2.0882921209008654,3.4978604103362083,14.73661773132288,18.27860971085708,33.69534927818071,-21.247936880778678,54.94328615895938,14.453604334656248,-0.8833622695815144,1.5214706531594782,3.123931099855556,0.6095670703241642,2.2889787487656577,9.307736945629586,-10.076432772621047,19.384169718250632,5.3582521750980865,-0.6016439457931871,0.06924199169588974,2.4214957170805373,14.73661773132288,18.27860971085708,33.69534927818071,-21.247936880778678,54.94328615895938,14.453604334656248,-0.8833622695815144,1.5214706531594782,3.123931099855556,2.305215627547323,4.059631919517415,12.950575865033898,-13.774220235518442,26.72479610055234,7.839733570260922,-0.6585297219101718,0.2476933820935845,2.4995862153423083
Unf,1.3458109938605607,3.349054168211296,14.673148143629078,-20.438930732780136,35.112078876409214,9.857929719592683,-0.7591872562314765,0.12107296105210097,2.7317428348696398,-2.804665266117249,-3.149445547023788,18.630751583259553,-21.905865651206113,40.536617234465666,10.118148757967266,0.07117862139616002,-0.31980783185724837,2.8144066803142027,18.006541100572367,15.28465872979723,44.209093175595626,-4.040887233713875,48.2499804093095,12.54533745216227,0.4646663687068051,1.7832055418358754,2.797490381740715,15.47267549721727,13.180936548451427,37.53150667762384,-3.0738397072127555,40.605346384836594,10.571731800986651,0.4670029683469477,1.5333580419798611,2.7924325051367105,12.177346152661345,10.197893137349942,32.309358175552916,-5.41515995185667,37.72451812740959,10.00476919606009,0.3085319382594676,1.2002090502986948,2.519675667665369,3.052821860194399,2.128084133801167,15.187474673439283,-9.13075291464338,24.318227588082664,6.897238335031351,-0.006073522275349932,0.2840635670803481,1.9691041161186826,12.177346152661345,10.197893137349942,32.309358175552916,-5.41515995185667,37.72451812740959,10.00476919606009,0.3085319382594676,1.2002090502986948,2.519675667665369,-0.7294271361283442,0.09980431059375405,16.651949863444315,-21.172398191993125,37.82434805543744,9.988039238779974,-0.34400431741765825,-0.0993674354025737,2.773074757591921
Fam,23.8322108968484,28.933353860338684,36.72722596093081,-1.0652864830262843,37.792512443957094,10.897444002650646,-1.1808943939099266,2.3752923782913546,3.2452050117291282,-2.873870380645153,-2.222814714514243,8.838051144266501,-15.014322343631648,23.85237348789815,6.655719098497433,-0.14820893055523435,-0.25068732892816975,1.8438308085693207,20.70477144290915,18.507774257159326,47.90403909282759,-16.44539224798791,64.3494313408155,17.894162659209428,-0.2561831717813437,2.169875543075474,2.133433956503975,17.635723684004635,16.008799320843536,41.11219823244028,-13.929172382631805,55.04137061507208,15.354307495335348,-0.2534814978627436,1.8482296074790678,2.1212743713958666,14.823582092869621,13.646219485963229,34.24061893989953,-12.189006459569404,46.42962539946893,12.726055112428282,-0.31358549837338995,1.5535617728446496,2.272804906176956,6.130251151695085,6.422084879886825,13.70561949443072,-6.192454748088494,19.898074242519215,4.929695182740068,-0.43109182547608255,0.6425801679794072,2.563706390631027,14.823582092869621,13.646219485963229,34.24061893989953,-12.189006459569404,46.42962539946893,12.726055112428282,-0.31358549837338995,1.5535617728446496,2.272804906176956,10.479170258101625,13.35526957291222,22.782638552598655,-8.039804413328966,30.82244296592762,8.77658155057404,-0.6645516622325804,1.0623025246815925,2.5445179101492243
Unf,9.202787750312451,11.089498457295122,29.154149160603993,-14.91384955443209,44.06799871503608,13.264301083308856,-0.3066798024050953,0.8915407464252687,1.9691090909983793,-16.833900732448317,-15.821863144083181,-6.162885711091803,-30.888251785654575,24.72536607456277,7.901396749601369,-0.36773958496000553,-1.6686085455221185,1.762207668852595,35.67380861988148,35.537517760531045,76.9639591453597,7.09717733116122,69.86678181419848,18.60489828511093,0.5167435524157562,3.5660791473199502,2.70025675322192,31.135119255710517,31.05583346041385,66.33340672124177,6.526695869979449,59.806710851262324,15.892614642237472,0.500776068687816,3.1132247665275745,2.6969457236784646,21.582410920166883,21.50391353931506,51.2845466194752,-0.5505495816275167,51.835096201102715,13.50815765672457,0.35747569111212174,2.1529683680564564,2.985245920010977,-2.0616951150913385,-2.0816106029997172,10.556273991824128,-15.275521946023218,25.831795937847346,6.026960042825307,0.054907452232793114,-0.22039880967815553,3.5585352831325485,21.582410920166883,21.50391353931506,51.2845466194752,-0.5505495816275167,51.835096201102715,13.50815765672457,0.35747569111212174,2.1529683680564564,2.985245920010977,-3.815556491067933,-2.36618234339403,11.495631724756095,-22.901050670043333,34.39668239479943,10.582848916455113,-0.3372096936825504,-0.3885338995484249,1.865658379925487
Unf,2.5344381865667085,1.0908673999665552,14.978129001974594,-11.00387999031227,25.982008992286865,8.238905635024267,0.12362560894669265,0.24742393828678738,1.7467468834361488,-20.743720895392944,-24.664943339303136,-0.06872576108207795,-36.36231122072786,36.29358545964578,10.933269567118412,0.47646173900450384,-2.0619900713921493,1.8838738090529479,25.158534784762967,22.354681277647614,57.424749684287235,0.5873356485608383,56.8374140357264,15.078604095286243,0.7956753196729338,2.4916015819195105,3.1464963092145553,22.40836337163133,19.68620654224651,50.415015721227974,1.3923765891377116,49.02263913209026,13.07340262562864,0.8142461041299297,2.218860623793171,3.138477090641196,12.83963819513445,10.988542726408923,34.95027779839196,-4.292719912276273,39.24299771066823,10.324809530229816,0.6474204058430448,1.2735674661587881,3.0924541867990403,-9.047983570990954,-9.075259640667355,-2.98893201033934,-14.85787197452737,11.86893996418803,2.822421869774567,0.33233979372627104,-0.8897598072363178,2.9923891605413697,12.83963819513445,10.988542726408923,34.95027779839196,-4.292719912276273,39.24299771066823,10.324809530229816,0.6474204058430448,1.2735674661587881,3.0924541867990403,-9.104641354413118,-11.78703796966829,7.454701620446258,-23.683095605520066,31.137797225966324,9.58608760107134,0.3000436739755982,-0.907283066552681,1.8153103462445483
Fam,2.7058586843290517,2.0622782130885753,54.642845498165116,-30.81076283706352,85.45360833522864,24.579217220074597,0.7940267555618551,0.19364886999296532,3.027848814515604,-6.323977327855783,-9.215598765877075,18.56256312748883,-18.403750800644048,36.96631392813288,9.099423351264726,1.5244799361228496,-0.6252883049020885,4.841737042672291,47.17869506730101,65.15895438496955,84.43224942311645,-13.50833372271154,97.94058314582799,33.05808266042308,-0.5381326311669158,4.743840504523718,1.591462871944737,40.27778996319197,55.63300692301709,71.83173147495836,-12.011289072688669,83.84302054764703,28.260955706582543,-0.5484747659263138,4.049349563925387,1.6096335386050764,33.2897029198766,45.378571030596504,60.89947843671931,-9.749245464263367,70.64872390098269,23.36469284750913,-0.4327729512912038,3.350474109727884,1.6764007040510116,12.412623729136822,15.343751783802873,26.43445441208314,-3.7281135973898927,30.162568009473034,8.775040175521754,-0.21171145678038164,1.2582322607345466,1.8281057016032212,33.2897029198766,45.378571030596504,60.89947843671931,-9.749245464263367,70.64872390098269,23.36469284750913,-0.4327729512912038,3.350474109727884,1.6764007040510116,-1.8090593217633655,-3.57666027639425,36.60270431282697,-24.607256818853784,61.20996113168076,16.83932028566966,1.1592533458423524,-0.2158197174545616,3.9347929285939474
Fam,7.871700230584093,8.419511232204968,26.250689188600518,-7.850756446714513,34.10144563531503,9.680146255821843,0.1596416223089272,0.7813636402652517,2.147429907355408,-16.65401301719472,-16.296718058583792,-8.992789844342042,-25.17684879421722,16.18405894987518,4.396973206896112,-0.12297256964828723,-1.646546751366969,2.395907409264696,6.8344369354305785,6.172690973471617,24.873110305634327,-6.960630344110541,31.83374064974487,8.111404436903273,0.39545758758672545,0.6697521271180665,2.5260431568131523,6.372529845486077,5.842638529429678,21.575808204943314,-5.466632501338609,27.042440706281923,6.873815360152271,0.37286328707836436,0.6258029520813216,2.5062744262467187,1.9812088724463066,1.3885809645823126,15.749459919334186,-8.085152027585233,23.83461194691942,6.251967219231729,0.5665426933267268,0.18719810436494214,2.6017711056679076,-7.263340163577736,-7.849586609154358,0.7994612474249152,-11.82819323730655,12.627654484731465,3.7706818606396433,0.9313072053150905,-0.7339607661045617,2.7729957339438513,1.9812088724463066,1.3885809645823126,15.749459919334186,-8.085152027585233,23.83461194691942,6.251967219231729,0.5665426933267268,0.18719810436494214,2.6017711056679076,-4.391156393305314,-3.938603413189412,8.628949672129238,-16.513802620465867,25.142752292595105,7.038559731358977,0.018334526330319983,-0.4325915555508586,2.271668658310052
Unf,12.915393837759508,8.805554898572154,27.619456886895932,2.1846537947567413,25.43480309213919,8.133279826524465,0.504314103861679,1.2964841275843138,1.710043518034397,4.338588419946413,3.182295699843962,19.196420907974243,-7.641546289960388,26.83796719793463,6.215837935035247,0.6936082133779745,0.42639785501832594,3.401123507458985,6.09730225803035,7.591326266265241,14.404320609173737,-7.503402230213396,21.907722839387134,5.8260716932254075,-0.9341241777448351,0.6067150054034309,3.285368547786181,5.368523143435875,6.222899401109316,12.707844689430203,-5.834244348079665,18.542089037509868,4.851769282511904,-0.8034339680669789,0.5332105141483824,3.1754747976123197,3.440694391233825,4.731747921482565,12.159817439775603,-9.096908039888755,21.256725479664357,5.722734069646549,-0.7805530043882377,0.3475824136512408,3.0388501889859114,-1.1437422277647504,0.38101809707313805,9.36728702072287,-13.953077541373204,23.320364562096074,6.490361233202336,-0.6041008673528991,-0.09717827859809094,2.6557072215592346,3.440694391233825,4.731747921482565,12.159817439775603,-9.096908039888755,21.256725479664357,5.722734069646549,-0.7805530043882377,0.3475824136512408,3.0388501889859114,8.62699112885296,5.993925299208058,23.407938897435088,-2.7284462476018234,26.13638514503691,7.1745588807798555,0.5989611586198267,0.8614409913013199,2.555583512746691
Fam,42.08597580985112,38.13923285633791,61.92750879563391,29.46321365016047,32.46429514547344,9.672248845280816,0.6291672201752233,4.174186779344751,2.091911274253724,-12.906441060504921,-11.066142633353593,-5.68960967939347,-22.287717001745477,16.598107322352007,5.288213600220861,-0.34871888219589176,-1.2842238047379357,1.8288148622122042,58.130120193639485,59.867757954634726,79.43033415358514,36.65527401608415,42.77506013750099,12.551546939744517,-0.15776043539886794,5.851087101099297,1.7701124083270303,49.636167554686274,51.20430978422519,67.88332393625751,30.96916771028191,36.9141562259756,10.823469403660104,-0.16885557736202347,4.99588052216459,1.7701030638814594,40.97044028383561,42.07442862025346,55.746598566959925,25.62269825527134,30.123900311688583,8.891724671792913,-0.19713555320166765,4.1251887233806785,1.8183399678786418,15.14503310318105,15.151218121900456,19.92613761103712,9.243653039447963,10.682484571589157,3.300157671974116,-0.2647906468441115,1.5285985468781509,1.9148044314274348,40.97044028383561,42.07442862025346,55.746598566959925,25.62269825527134,30.123900311688583,8.891724671792913,-0.19713555320166765,4.1251887233806785,1.8183399678786418,14.5897673746731,13.53654511149216,28.11894955812022,3.587748324207496,24.531201233912725,7.480231222750838,0.14022416898966578,1.4449814873034077,1.960363068232964
Unf,-27.857963931847525,-28.683117307082284,-5.62713739782339,-39.15602792403661,33.52889052621322,7.9052054782179795,0.9574988544891592,-2.8234771617640235,4.102591154068034,-12.7351757179475,-12.065449936926598,6.361079613270704,-28.603571990970522,34.964651604241226,10.200633596368123,0.08471425850356176,-1.2682187946256636,2.037929317094109,-24.986148656143296,-28.77569386328105,6.337470495054731,-47.99592716153711,54.33339765659184,17.730801416604592,0.6029421753647889,-2.52426782770931,2.1025916668176583,-21.007829559493985,-24.24298600089969,5.753540335717844,-40.9456915804185,46.69923191613634,15.12595769910844,0.5902009811950095,-2.123489693134384,2.1039957110128986,-19.339872628311475,-21.875375296076527,3.877761978780351,-37.85341383869915,41.7311758174795,13.047001036998152,0.3954108957754791,-1.947829475828959,2.3556208505682865,-12.025639669297142,-12.60744602404884,-0.45772489443152153,-24.61862277414184,24.16089787971032,6.28424399528142,-0.006910469233361152,-1.1957309066431832,2.860275173874302,-19.339872628311475,-21.875375296076527,3.877761978780351,-37.85341383869915,41.7311758174795,13.047001036998152,0.3954108957754791,-1.947829475828959,2.3556208505682865,-20.296569824897514,-20.37428362200444,0.36697110772365704,-33.879799957503565,34.24677106522722,9.05291953729305,0.5211065564963605,-2.0458479781948435,3.0702602355810713
Fam,29.163241309176485,30.600767786381766,45.54373663268052,12.2607716548373,33.28296497784322,9.204589536136437,-0.06608450898942439,2.92001337707423,2.2340480823180826,-23.4623211186912,-21.53976765839616,-3.14706630888395,-40.48768460052088,37.34061829163693,10.554853673496805,-0.009338942313575361,-2.334119437501972,1.9652234719981359,57.17923298876625,54.74590216181241,87.56882016314194,41.024439269676805,46.54438089346513,11.843200477162734,0.956414983140521,5.717392111882619,3.5780844730933623,49.61592542083683,47.639652621001005,75.67157445009798,35.41155092534609,40.26002352475189,10.219396202968108,0.9161737863623908,4.960131532080338,3.5014321055885516,36.11746388944044,34.39097395130375,57.717718846106436,23.73756084731819,33.98015799878825,8.452718788206122,0.8880165342357399,3.6166946015601265,3.624394894235413,1.5572332587182176,0.7873670710978331,9.912761925079394,-5.223307653068332,15.136069578147726,3.295559684487521,0.7914608332043076,0.1725601607174223,3.7936681040243236,36.11746388944044,34.39097395130375,57.717718846106436,23.73756084731819,33.98015799878825,8.452718788206122,0.8880165342357399,3.6166946015601265,3.624394894235413,2.850460095242642,4.530500063992804,21.198335161898285,-14.11345647284179,35.311791634740075,9.87972160481662,-0.037711725651499876,0.2929469697861291,2.099635777158109
Unf,21.29690628840728,24.34091493341839,44.564727431861684,-6.725384992023464,51.29011242388515,14.556047378946685,-0.4987902749601057,2.1723385927600023,2.429914610215405,15.377835220183792,15.7524391397601,23.962176783243194,5.4473871387017425,18.51478964454145,5.605817353966483,-0.18386788916667438,1.5251189759590171,1.7480264540153982,4.602991376911037,-1.8634727538824336,47.999099479056895,-15.654439266654663,63.65353874571156,18.693715504263825,1.0064828703596016,0.3643994555734634,3.088691008011389,3.664962385676937,-1.4572067499329933,40.64444874529727,-13.547723938245326,54.192172683542594,15.882722160045127,1.0106448704479805,0.28400950202512654,3.1124185821630372,4.64661712202431,-0.4659456678268725,35.6318335737645,-11.700399682013085,47.33223325577759,14.130436772316186,0.7568719344726681,0.40024039049163734,2.5709079081575155,5.671897603484957,1.9228425003348093,18.25195249693934,-5.899035841139266,24.150988338078605,7.814872652639602,0.25348806261042256,0.552312213876322,1.5116141342981195,4.64661712202431,-0.4659456678268725,35.6318335737645,-11.700399682013085,47.33223325577759,14.130436772316186,0.7568719344726681,0.40024039049163734,2.5709079081575155,18.337370754295534,20.046677036589244,34.26345210755244,-0.6389989266608609,34.9024510342133,10.080932366456583,-0.34132908206339,1.8487287843595097,2.0889705321154017
Fam,-13.105960715183055,-10.932475106528727,6.41761926090112,-37.94858275796287,44.36620201886399,12.247403008539816,-0.3304741593800088,-1.3314838695468536,2.5519594095425058,7.222100153879952,6.022024990670616,24.534669137210585,-7.810407623765059,32.345076760975644,8.057849264017541,0.23283065949756804,0.6966939940051439,2.8031182124158853,-31.644673859213633,-34.24602255108766,-6.613726782234153,-48.51433914154768,41.90061235931353,11.081776574071457,0.6345444590029985,-3.1842285359714992,2.6914108602854165,-27.13369574918873,-29.433401323331054,-5.954841526545351,-41.43688784097321,35.48204631442786,9.428676498361996,0.6230395230190888,-2.7311666708121187,2.645472073149448,-21.70670111321617,-23.644134519903066,-3.036729140148964,-34.42252485304683,31.385795712897863,8.233097409631162,0.6988689254433345,-2.1797190929137806,2.9341814140689393,-6.341733731246152,-7.252979685290484,3.458380888332613,-13.316347576619592,16.774728464952204,4.18883915646003,0.839022794307916,-0.6237620719577237,3.465661308771953,-21.70670111321617,-23.644134519903066,-3.036729140148964,-34.42252485304683,31.385795712897863,8.233097409631162,0.6988689254433345,-2.1797190929137806,2.9341814140689393,-2.941930280651552,-2.4552250579290558,15.476144199055852,-22.879495190863963,38.355639389919816,10.152626136278679,-0.04882174994122038,-0.31739493777085487,2.6775388109791955
Unf,9.697581862593115,10.730418580351397,18.773707779473625,-6.7811261033057235,25.55483388277935,7.044166248701545,-0.7374893628529317,0.9391716986895071,2.9319828726119552,8.168155108460969,8.704572337592253,27.495176254888065,-21.659703634213656,49.15487988910172,12.363712027737671,-0.44266717243300774,0.8344792689627409,2.7745533203184523,13.877673618131107,12.91052512897295,34.35815597185865,-10.099131941387895,44.457287913246546,11.715267632365453,-0.02851080051646862,1.4129078269082624,2.171259505676911,12.075181753236674,11.27564155467553,30.00071410497185,-8.8483102445025,38.84902434947435,10.196660004235392,-0.024185139307961442,1.229159295461617,2.201120240587408,8.590691438624933,8.08125801654569,24.377603040193208,-9.677684526347244,34.05528756654045,9.036697866760953,-0.09176435518366953,0.8758680981978012,2.2303547590821173,-0.18078105549298365,0.057607365988587844,8.773939043749124,-10.08561139315134,18.859550436900463,5.198165963682015,-0.2225971257265785,-0.014462827776475909,2.3186845309820328,8.590691438624933,8.08125801654569,24.377603040193208,-9.677684526347244,34.05528756654045,9.036697866760953,-0.09176435518366953,0.8758680981978012,2.2303547590821173,8.932868485527042,9.717495458971825,23.134442017180845,-14.22041486875969,37.354856885940535,9.703939138219608,-0.5900782676429697,0.886825483826124,2.8532680964652037
Fam,-17.77346488132445,-17.499821296951268,5.01414024256519,-33.8043573719915,38.81849761455669,10.659339021819381,0.5777835212772838,-1.7881756283862473,2.5573681124652383,11.289274781872267,15.44474253023509,28.825523259001784,-25.78398198238574,54.609505241387524,14.53639448058251,-1.226215752559686,1.186580235014163,3.932593955037068,-18.23918501906099,-13.898884844820714,14.267914593801834,-44.034317397745326,58.30223199154716,14.629694314885496,-0.04232690947617074,-1.8321908142585683,2.5333909595292914,-15.38134333364164,-11.20245769925532,12.1031816888717,-37.73770367843099,49.84088536730269,12.705711614484544,-0.09349553979403469,-1.5436587555050354,2.4139150173616635,-13.87337387484604,-11.47372768173227,10.478293764511667,-32.65027286640058,43.128566630912246,11.061620440397524,0.18077911460358162,-1.4012994669038683,2.486631281559386,-7.999593271835492,-9.31984050112078,5.063785010861466,-16.178797523025423,21.24258253388689,5.849455391822534,0.6781597930809503,-0.828048830948001,2.5125878677872033,-13.87337387484604,-11.47372768173227,10.478293764511667,-32.65027286640058,43.128566630912246,11.061620440397524,0.18077911460358162,-1.4012994669038683,2.486631281559386,-3.2420950497260916,-1.0275393833580893,16.919831750783487,-29.79416967718862,46.71400142797211,12.597866751200947,-0.32421611564120106,-0.30079769668604217,3.244981033751153
Fam,-22.609643353304747,-23.390747628582176,0.6151824436528841,-44.21457560965791,44.8297580533108,14.005174287031528,0.0751956093541395,-2.31759425167843,1.8339816322012423,-16.632668562649016,-15.572948541375808,-1.0902659823841532,-33.23707278468646,32.14680680230231,10.427580961057002,-0.1604459906484004,-1.6327947879105351,1.552623253763349,-9.54163216922902,-4.042648924951209,14.048371667740867,-44.507323764264584,58.55569543200545,17.028163536244413,-0.9202945387255234,-0.9023039002427883,2.8973122389766637,-7.737298649710913,-2.9365490661348304,12.317769687797409,-37.13413025252521,49.45189994032262,14.478990024555854,-0.8975071208653528,-0.7305322420476055,2.8306874535126867,-8.891742450527884,-4.775691451186503,8.591973160794927,-36.1718084604945,44.76378162128943,12.674036837326845,-1.119585928788912,-0.8468962697095203,3.6332441988935997,-9.396296532643715,-7.347876362473471,-0.5902218731534958,-26.873971364693716,26.28374949154022,6.514956951180269,-1.5409561267758602,-0.9078526668381671,5.171732904191449,-8.891742450527884,-4.775691451186503,8.591973160794927,-36.1718084604945,44.76378162128943,12.674036837326845,-1.119585928788912,-0.8468962697095203,3.6332441988935997,-19.62115595797688,-19.481848084978992,-0.23754176936563454,-38.72582419717219,38.48828242780655,12.216377624044265,-0.04262519064713045,-1.9751945197944825,1.6933024429822958
Unf,-40.29878821781425,-36.83000977616757,-20.573954316205345,-61.734390328638256,41.16043601243291,12.740621602577198,-0.29720289444391157,-4.0722148638683375,2.0286478067622107,-69.3778427795713,-61.85822348925285,-30.066063118283637,-110.93422654084861,80.86816342256498,25.099797887089416,-0.2933678275394402,-6.979467407037296,1.7588374887590832,-40.79248901689425,-43.80569407658186,-8.370621799258515,-71.96141814347357,63.59079634421505,18.830123439212045,0.15071098920313497,-4.110629811203033,1.660636481492646,-33.22927113913465,-35.513719922164455,-6.339340870908927,-61.32417911430821,54.98483824339928,16.04967624374075,0.08843439955920943,-3.348980185709012,1.7571671797850477,-37.21794683560102,-35.16699750131617,-10.169445583111761,-66.9797373120673,56.81029172895554,18.0948458828103,-0.07778931030946785,-3.7478347909263046,1.606153696209322,-37.63208035077416,-26.181578505202197,-15.798374079167843,-67.65361467842013,51.855240599252284,19.404737965478112,-0.47251331969074795,-3.783894375866869,1.400657427350272,-37.21794683560102,-35.16699750131617,-10.169445583111761,-66.9797373120673,56.81029172895554,18.0948458828103,-0.07778931030946785,-3.7478347909263046,1.606153696209322,-54.83831549869277,-49.34411663271021,-25.32000871724449,-86.33430843474343,61.01429971749894,18.920209744833308,-0.2952853609916759,-5.525841135452817,1.893742647760647
Unf,12.919540998596473,8.099871138256276,37.05324706970714,-6.707116426696302,43.76036349640344,14.732933003581325,0.3458849215431796,1.3447364622664053,1.635472544336006,-7.241750218703111,-8.710719157534186,6.1231685322127305,-21.92166357417591,28.04483210638864,7.365920102669995,0.2044894529736024,-0.7093597894507988,2.2638900785752796,-8.31237104228841,-5.948652187726111,35.09071757434867,-48.740857891971245,83.83157546631992,20.751446947696735,-0.3515965878696579,-0.8418120917366944,2.9341073006112492,-7.082101044139003,-5.161823310118052,30.007822715560906,-41.323379264213145,71.33120197977405,17.635087397744176,-0.326796903906782,-0.7178613947846416,2.9277986238554674,-5.94139022689287,-3.9132476767160065,24.496768673998304,-35.913945490998834,60.41071416499714,15.336838766248585,-0.5131848805457956,-0.5983086701491512,2.8799635610715195,-2.429698594251197,-0.6292675323038566,8.391765732085332,-17.67759931681212,26.069365048897453,7.623981953304852,-0.8611611498609467,-0.23525252392611795,2.777984758747842,-5.94139022689287,-3.9132476767160065,24.496768673998304,-35.913945490998834,60.41071416499714,15.336838766248585,-0.5131848805457956,-0.5983086701491512,2.8799635610715195,2.8388953899466807,-0.3054240096389549,21.588207800959935,-14.314390000436106,35.90259780139604,11.04942655312566,0.27518718725839103,0.31768833640780325,1.9496813114556428
Fam,13.01115885582887,10.538675269344822,36.34946187958121,-0.09140237722249367,36.44086425680371,9.837345958936167,1.048700087566284,1.2590525615162522,3.368887655426237,-14.425311235299887,-8.949399216362508,2.9285824894031975,-43.26828639023006,46.19686887963326,13.25450542429515,-0.8091032415408631,-1.4348127798797237,2.452799539730913,29.538527856997323,25.015581741172355,54.82201595441438,6.576466148544569,48.245549805869814,14.92743828979787,0.245016132204062,3.015287496370196,1.7222544248101028,25.737455574087036,21.9244284380693,47.516688937321305,5.8318514675193,41.684837469802005,12.932510457729933,0.24739002425299403,2.6253827151860274,1.7230652863061324,18.097570707512983,15.719684966164493,35.27705825945304,0.38841532538450946,34.888642934068535,10.588278660998874,-0.1910573842142539,1.8573927766701706,2.3172593066469993,-0.983271308545415,0.21904471925182634,3.4924698866234394,-11.24307163991034,14.73554152653378,3.9048872354688213,-1.0655783090998177,-0.06849188154571169,3.5064582088247627,18.097570707512983,15.719684966164493,35.27705825945304,0.38841532538450946,34.888642934068535,10.588278660998874,-0.1910573842142539,1.8573927766701706,2.3172593066469993,-0.707076189735508,0.7946380264911568,19.639022184492205,-21.679844383726277,41.31886656821848,11.545925691615658,0.11979842301271043,-0.08788010918173572,2.910843597578575
Unf,18.73864777534296,15.509607692365535,35.89828702388331,0.5384567316468747,35.35983029223644,11.22746755524169,0.24743911500751345,1.8455305010037812,1.791586272802269,14.62580683682273,16.079045963124372,24.908649720600806,-1.449008323106682,26.357658043707488,7.596058340203472,-0.6206740861653536,1.4673019251290045,2.3794607253963203,9.53690619754665,13.121491974743549,31.245395803125575,-16.74374652793631,47.989142331061885,12.193844757576736,-0.7593589532048443,0.9493408882631463,3.014117952211957,8.065526340208006,11.48127830674639,26.172354409936816,-14.135020137473475,40.30737454741029,10.289392207561736,-0.7597641146425447,0.8033421466957424,3.0086717846165887,7.132971959414101,9.605319291949854,24.703068750871655,-12.89278103892381,37.595849789795466,9.779636738762207,-0.5004600828926521,0.7075704793890171,2.680865411006715,3.796483340487647,4.213187594359624,16.691456039552577,-7.799576451361645,24.491032490914222,6.855673251148147,0.017742819169432704,0.3700284032081626,2.0198064961916,7.132971959414101,9.605319291949854,24.703068750871655,-12.89278103892381,37.595849789795466,9.779636738762207,-0.5004600828926521,0.7075704793890171,2.680865411006715,16.682227306082844,15.794326827744953,30.40346837224206,-0.4552757957299036,30.858744167971963,9.41176294772258,-0.18661748557892005,1.6564162130663929,2.0855234990992946
Unf,5.316118408525374,5.641725692839827,32.21383667550981,-20.66227352770511,52.87611020321492,14.342749748577909,-0.07607023286889897,0.5258872750389681,2.4160187207342307,11.980195346530728,8.67121570991003,53.808082157047465,-21.296034901752137,75.1041170587996,16.685285798679363,0.699224226899149,1.1837954428598727,4.1095453444977235,-7.454301645828729,-9.56407029661932,18.27005689847283,-28.845084671047516,47.11514156952035,11.125916039793594,0.30679786550536026,-0.7958040204397389,3.200072481110928,-6.385765424546173,-8.023533609957667,15.44006408948917,-25.07843055354897,40.51849464303814,9.487342115963301,0.23765531309125493,-0.6814128787174335,3.2590009962947333,-5.144555440932226,-6.907222617276905,13.724170912610134,-21.471857508004177,35.19602842061431,8.653916372237518,0.24760198181346368,-0.5508939971668395,2.7242417983776304,-1.5935992524217768,-3.134063945253729,7.462391749868402,-10.492057299416047,17.95444904928445,5.348490960955658,0.19835276684377595,-0.17546509234334626,1.7136519177272296,-5.144555440932226,-6.907222617276905,13.724170912610134,-21.471857508004177,35.19602842061431,8.653916372237518,0.24760198181346368,-0.5508939971668395,2.7242417983776304,8.64815687752805,7.1564707013749285,43.01095941627864,-20.979154214728624,63.99011363100726,15.514017773628636,0.311576997015125,0.8548413589494204,3.262782032615977
Fam,22.493057993135434,20.832269001402892,37.35963036888279,9.025643521454185,28.333986847428605,8.175950486522488,0.4028577976868011,2.2183140061540154,2.146147471325995,9.8500192830915,10.615588507789653,21.278108761180192,-6.939121249160962,28.217230010341154,7.274821773796492,-0.468847390405336,0.940347048928953,2.676080244777246,23.456758124386678,22.500652448798064,46.339067921508104,9.214285455527715,37.12478246598039,8.592473072272334,1.0511858599181358,2.2956755312762143,4.386480727305874,19.568100557220394,18.61681175796548,39.143847970990464,7.508457656513201,31.635390314477263,7.308177322660004,1.0696801174845096,1.913705212669934,4.425962927315817,18.968918008492135,18.24325302853443,35.17489797862557,8.20111760428214,26.97378037434343,6.566648586705028,0.6829668382203317,1.8638205521619122,3.5218851411104146,13.881895343869333,13.612294878839748,20.041778043378145,7.880609700805508,12.161168342572637,3.799295365182749,-0.07196546274165039,1.3820809125395879,1.7532117687095512,18.968918008492135,18.24325302853443,35.17489797862557,8.20111760428214,26.97378037434343,6.566648586705028,0.6829668382203317,1.8638205521619122,3.5218851411104146,16.171538638113468,15.723928754596272,29.31886956503149,1.0432611361466115,28.27560842888488,7.725386130159491,-0.03299479635926747,1.5793305275414842,2.4111138580516203
